{
  "seq_len": {
    "pos": {
      "mean": 14.35960591133005,
      "std": 4.307918548459674,
      "min": 8.0,
      "max": 31.0,
      "25%": 11.0,
      "median": 13.0,
      "75%": 17.0
    },
    "neg": {
      "mean": 15.339901477832512,
      "std": 4.25984404378541,
      "min": 9.0,
      "max": 31.0,
      "25%": 12.0,
      "median": 14.0,
      "75%": 17.5
    }
  },
  "positive_greater_negative": {
    "num_greater": 161,
    "num_smaller": 42,
    "percentage": 0.7931034482758621,
    "seq_len": {
      "pos": {
        "mean": 14.192546583850932,
        "std": 4.198981316864709,
        "min": 8.0,
        "max": 30.0,
        "25%": 11.0,
        "median": 13.0,
        "75%": 16.0
      },
      "neg": {
        "mean": 15.167701863354038,
        "std": 4.168686880848574,
        "min": 9.0,
        "max": 31.0,
        "25%": 12.0,
        "median": 14.0,
        "75%": 17.0
      }
    }
  },
  "positive_greater_negative_with_orig": {},
  "pct_attention_positive": {
    "mean": 0.5392694375394833,
    "std": 0.06647085079377864,
    "min": 0.11195536841204648,
    "max": 0.768486204198961,
    "25%": 0.5092879667621149,
    "median": 0.546460097365631,
    "75%": 0.5760422050833838
  },
  "pct_attention_negative": {
    "mean": 0.4607305624605168,
    "std": 0.06647085079377864,
    "min": 0.231513795801039,
    "max": 0.8880446315879535,
    "25%": 0.4239577949166161,
    "median": 0.45353990263436905,
    "75%": 0.49071203323788515
  },
  "pct_of_total": {
    "positive": {
      "mean": 0.06717586990125349,
      "std": 0.040295944093181095,
      "min": 0.01732930822504891,
      "max": 0.3224778479999966,
      "25%": 0.041060231219504084,
      "median": 0.061813362356689244,
      "75%": 0.0827488940924105
    },
    "negative": {
      "mean": 0.05647775667247128,
      "std": 0.03503110781857161,
      "min": 0.014429307646221586,
      "max": 0.3618474536471897,
      "25%": 0.0368505200596368,
      "median": 0.05134188601126274,
      "75%": 0.06729016166418691
    },
    "negative_with_original": {
      "mean": 0.1136513106197038,
      "std": 0.05464319759615584,
      "min": 0.03161125381787618,
      "max": 0.3803877830505371,
      "25%": 0.07579107320689601,
      "median": 0.10650232103135851,
      "75%": 0.1393460046361994
    }
  },
  "special_tokens": {
    "sum_in_positive": {
      "mean": 2682.161456328895,
      "std": 406.7771646402332,
      "min": 1467.319091796875,
      "max": 3470.001953125,
      "25%": 2385.4527587890625,
      "median": 2779.923828125,
      "75%": 3007.9525146484375
    },
    "sum_in_negative": {
      "mean": 2636.4268305736223,
      "std": 405.7006598577606,
      "min": 1419.219482421875,
      "max": 3273.6181640625,
      "25%": 2336.480224609375,
      "median": 2727.83251953125,
      "75%": 2972.15283203125
    },
    "pct_in_positive": {
      "mean": 0.5820662890170597,
      "std": 0.08827629375950968,
      "min": 0.3184286223517524,
      "max": 0.7530386182996962,
      "25%": 0.517676379945543,
      "median": 0.6032820807562934,
      "75%": 0.6527674727969699
    },
    "pct_in_negative": {
      "mean": 0.5721412391128321,
      "std": 0.08804267675588043,
      "min": 0.30799033906724715,
      "max": 0.7104205332416393,
      "25%": 0.507048659854465,
      "median": 0.5919775433010526,
      "75%": 0.6449984102605169
    },
    "positive_is_greater": {},
    "negative_is_greater": {
      "sum_in_positive": {
        "mean": 2682.161456328895,
        "std": 406.7771646402332,
        "min": 1467.319091796875,
        "max": 3470.001953125,
        "25%": 2385.4527587890625,
        "median": 2779.923828125,
        "75%": 3007.9525146484375
      },
      "sum_in_negative": {
        "mean": 2636.4268305736223,
        "std": 405.7006598577606,
        "min": 1419.219482421875,
        "max": 3273.6181640625,
        "25%": 2336.480224609375,
        "median": 2727.83251953125,
        "75%": 2972.15283203125
      }
    }
  },
  "describe_att_on_positive_tok": {
    "kurtosis": 13.56838491917934,
    "mean": 309.54640825686647,
    "minmax": [
      79.85345230102538,
      1485.9779235839844
    ],
    "nobs": 203,
    "skewness": 2.97568661200052,
    "variance": 34478.44042457089
  },
  "describe_att_on_negative_tok": {
    "kurtosis": 33.14962783876144,
    "mean": 260.2495028114691,
    "minmax": [
      66.49024963378906,
      1667.39306640625
    ],
    "nobs": 203,
    "skewness": 4.696679918516194,
    "variance": 26057.496234228493
  },
  "describe_att_on_negative_tok_with_orig": {
    "kurtosis": 6.27125578861958,
    "mean": 523.705239473491,
    "minmax": [
      145.66465759277344,
      1752.826904296875
    ],
    "nobs": 203,
    "skewness": 1.9509881296069818,
    "variance": 63401.15226416135
  },
  "pearsonr": {
    "confidence_interval": [
      0.42102423704655645,
      0.6206840513150563
    ],
    "correlation": 0.5281144288197255,
    "pvalue": 5.622902046091063e-16,
    "statistic": 0.5281144288197255
  },
  "pearsonr_with_orig": {
    "confidence_interval": [
      0.8619420378809606,
      0.9182939338587265
    ],
    "correlation": 0.8935851902818034,
    "pvalue": 7.567688352494868e-72,
    "statistic": 0.8935851902818034
  },
  "cov": 15829.535877379258,
  "cov_with_orig": 41779.029212896065,
  "pct_on_negative_tokens": 0.0259950992900554,
  "pct_on_positive_tokens": 0.027547317446420017,
  "pct_on_negative_tokens_with_orig": 0.05158182112454193,
  "cos_sim_full_att": {
    "mean": 0.23014838068649687,
    "std": 0.11069375029592167,
    "min": 0.14063170552253723,
    "max": 0.9939408898353577,
    "25%": 0.17461847513914108,
    "median": 0.1943383812904358,
    "75%": 0.2654372751712799
  },
  "euc_dist_full_att": {
    "mean": 5.22703225932685,
    "std": 0.7612551246874933,
    "min": 0.3510124087333679,
    "max": 6.114166259765625,
    "25%": 4.95191216468811,
    "median": 5.412024021148682,
    "75%": 5.707915544509888
  },
  "entropy": {
    "positive_tok": {
      "mean": 6.961071491241455,
      "std": 0.1798419952392578,
      "min": 6.4882330894470215,
      "max": 7.758700370788574,
      "25%": 6.852926015853882,
      "median": 6.970457077026367,
      "75%": 7.051409959793091
    },
    "negative_tok": {
      "mean": 7.053450584411621,
      "std": 0.1815061718225479,
      "min": 6.62962532043457,
      "max": 8.088844299316406,
      "25%": 6.974369764328003,
      "median": 7.056517124176025,
      "75%": 7.1295788288116455
    },
    "negative_tok_with_orig": {
      "mean": 7.665190696716309,
      "std": 0.14648494124412537,
      "min": 7.227169513702393,
      "max": 8.209341049194336,
      "25%": 7.57902455329895,
      "median": 7.685197353363037,
      "75%": 7.749577760696411
    },
    "positive_sent": {
      "mean": 9.44851016998291,
      "std": 0.17564408481121063,
      "min": 9.129497528076172,
      "max": 10.018025398254395,
      "25%": 9.319061279296875,
      "median": 9.4226655960083,
      "75%": 9.546724319458008
    },
    "negative_sent": {
      "mean": 9.479126930236816,
      "std": 0.17159061133861542,
      "min": 9.158621788024902,
      "max": 10.046984672546387,
      "25%": 9.353104591369629,
      "median": 9.458012580871582,
      "75%": 9.576022148132324
    }
  },
  "att_negative_equals_att_negative_with_original": false
}