{
  "seq_len": {
    "pos": {
      "mean": 7.0375473647950395,
      "std": 1.376041343314384,
      "min": 5.0,
      "max": 16.0,
      "25%": 6.0,
      "median": 7.0,
      "75%": 8.0
    },
    "neg": {
      "mean": 7.898380985187737,
      "std": 1.4255015187005236,
      "min": 5.0,
      "max": 17.0,
      "25%": 7.0,
      "median": 8.0,
      "75%": 9.0
    }
  },
  "positive_greater_negative": {
    "num_greater": 2798,
    "num_smaller": 105,
    "percentage": 0.9638305201515673,
    "seq_len": {
      "pos": {
        "mean": 7.039313795568263,
        "std": 1.3873728890408081,
        "min": 5.0,
        "max": 16.0,
        "25%": 6.0,
        "median": 7.0,
        "75%": 8.0
      },
      "neg": {
        "mean": 7.9317369549678345,
        "std": 1.4267932294832595,
        "min": 5.0,
        "max": 17.0,
        "25%": 7.0,
        "median": 8.0,
        "75%": 9.0
      }
    }
  },
  "positive_greater_negative_with_orig": {
    "num_greater": 125,
    "num_smaller": 2778,
    "percentage": 0.043058904581467446,
    "seq_len": {
      "pos": {
        "mean": 6.352,
        "std": 0.94404756577813,
        "min": 5.0,
        "max": 10.0,
        "25%": 6.0,
        "median": 6.0,
        "75%": 7.0
      },
      "neg": {
        "mean": 7.352,
        "std": 0.94404756577813,
        "min": 6.0,
        "max": 11.0,
        "25%": 7.0,
        "median": 7.0,
        "75%": 8.0
      }
    }
  },
  "pct_attention_positive": {
    "mean": 0.5838981931698091,
    "std": 0.038654545462356235,
    "min": 0.40695296129132896,
    "max": 0.702646660699707,
    "25%": 0.570216007628181,
    "median": 0.5898957820287799,
    "75%": 0.6076647243465476
  },
  "pct_attention_negative": {
    "mean": 0.41610180683019093,
    "std": 0.038654545462356235,
    "min": 0.29735333930029295,
    "max": 0.593047038708671,
    "25%": 0.3923352756534524,
    "median": 0.41010421797122004,
    "75%": 0.42978399237181897
  },
  "pct_of_total": {
    "positive": {
      "mean": 0.12434404898860818,
      "std": 0.04529170713849882,
      "min": 0.020581222656700347,
      "max": 0.3347608208656311,
      "25%": 0.09202417979637782,
      "median": 0.11702431903945075,
      "75%": 0.14509603050020006
    },
    "negative": {
      "mean": 0.0878409480934315,
      "std": 0.031099573243997893,
      "min": 0.018497399157947965,
      "max": 0.2757533537016974,
      "25%": 0.06696014377621956,
      "median": 0.08291687473418222,
      "75%": 0.10066015734559014
    },
    "negative_with_original": {
      "mean": 0.16133452679092158,
      "std": 0.05721347009524076,
      "min": 0.03673283921347724,
      "max": 0.5303788052664863,
      "25%": 0.12344071963503037,
      "median": 0.1505360357345097,
      "75%": 0.18498211626022582
    }
  },
  "special_tokens": {
    "sum_in_positive": {
      "mean": 2485.4718893894114,
      "std": 151.02011906604642,
      "min": 2012.948486328125,
      "max": 3634.6376953125,
      "25%": 2401.2940673828125,
      "median": 2495.562255859375,
      "75%": 2570.12646484375
    },
    "sum_in_negative": {
      "mean": 2474.7385254747246,
      "std": 140.09954153386687,
      "min": 2034.9671630859375,
      "max": 3562.214599609375,
      "25%": 2400.2156982421875,
      "median": 2485.616943359375,
      "75%": 2552.93994140625
    },
    "pct_in_positive": {
      "mean": 0.5393819205838183,
      "std": 0.03277346311706649,
      "min": 0.4368377791510688,
      "max": 0.7887668609619141,
      "25%": 0.5211141639285617,
      "median": 0.5415716701083713,
      "75%": 0.5577531390719943
    },
    "pct_in_negative": {
      "mean": 0.5370526313892712,
      "std": 0.030403546226271564,
      "min": 0.44161618461780383,
      "max": 0.7730500433180068,
      "25%": 0.5208801428476969,
      "median": 0.5394133991665311,
      "75%": 0.5540234247843425
    },
    "positive_is_greater": {
      "sum_in_positive": {
        "mean": 2403.383392578125,
        "std": 104.52213525608113,
        "min": 2147.337890625,
        "max": 2618.049560546875,
        "25%": 2335.72021484375,
        "median": 2392.700439453125,
        "75%": 2476.570068359375
      },
      "sum_in_negative": {
        "mean": 2474.9490703125,
        "std": 87.1206254716095,
        "min": 2259.7255859375,
        "max": 2670.838134765625,
        "25%": 2420.510986328125,
        "median": 2480.93896484375,
        "75%": 2531.8935546875
      }
    },
    "negative_is_greater": {
      "sum_in_positive": {
        "mean": 2489.1655762509704,
        "std": 151.7527348553715,
        "min": 2012.948486328125,
        "max": 3634.6376953125,
        "25%": 2407.3018188476562,
        "median": 2499.0623779296875,
        "75%": 2574.1730346679688
      },
      "sum_in_negative": {
        "mean": 2474.7290517149254,
        "std": 142.0298167853883,
        "min": 2034.9671630859375,
        "max": 3562.214599609375,
        "25%": 2399.290771484375,
        "median": 2485.68408203125,
        "75%": 2553.6398315429688
      }
    }
  },
  "describe_att_on_positive_tok": {
    "kurtosis": 1.6079548939778494,
    "mean": 572.9773776874797,
    "minmax": [
      94.8382740020752,
      1542.577862548828
    ],
    "nobs": 2903,
    "skewness": 1.0980347595684947,
    "variance": 43557.43756037834
  },
  "describe_att_on_negative_tok": {
    "kurtosis": 3.9755088039101345,
    "mean": 404.7710888472829,
    "minmax": [
      85.23601531982422,
      1270.6714538574217
    ],
    "nobs": 2903,
    "skewness": 1.511529192575285,
    "variance": 20536.848566527427
  },
  "describe_att_on_negative_tok_with_orig": {
    "kurtosis": 4.1969558657942745,
    "mean": 743.4294994733852,
    "minmax": [
      169.26492309570312,
      2443.9855346679688
    ],
    "nobs": 2903,
    "skewness": 1.5612740422531741,
    "variance": 69505.87570505355
  },
  "pearsonr": {
    "confidence_interval": [
      0.8550733577198772,
      0.8734659843088708
    ],
    "correlation": 0.8645589159355346,
    "pvalue": 0.0,
    "statistic": 0.8645589159355346
  },
  "pearsonr_with_orig": {
    "confidence_interval": [
      0.7182592589606281,
      0.7516908327049655
    ],
    "correlation": 0.7354222655982575,
    "pvalue": 0.0,
    "statistic": 0.7354222655982575
  },
  "cov": 25857.864517778296,
  "cov_with_orig": 40464.92087070374,
  "pct_on_negative_tokens": 0.0388328203071741,
  "pct_on_positive_tokens": 0.048751095561157726,
  "pct_on_negative_tokens_with_orig": 0.07128796663756815,
  "cos_sim_full_att": {
    "mean": 0.7395707105424049,
    "std": 0.10238083900837476,
    "min": 0.6394412517547607,
    "max": 0.9962595701217651,
    "25%": 0.6915567517280579,
    "median": 0.701587438583374,
    "75%": 0.7122958600521088
  },
  "euc_dist_full_att": {
    "mean": 2.1744240433583375,
    "std": 0.720245008929709,
    "min": 0.2772657871246338,
    "max": 2.7465314865112305,
    "25%": 2.377961039543152,
    "median": 2.4550464153289795,
    "75%": 2.508973717689514
  },
  "entropy": {
    "positive_tok": {
      "mean": 7.638096809387207,
      "std": 0.10149608552455902,
      "min": 6.951759338378906,
      "max": 7.9231038093566895,
      "25%": 7.5791497230529785,
      "median": 7.642200469970703,
      "75%": 7.707483291625977
    },
    "negative_tok": {
      "mean": 7.572103977203369,
      "std": 0.10007315874099731,
      "min": 7.138646602630615,
      "max": 7.9096832275390625,
      "25%": 7.511340618133545,
      "median": 7.570910930633545,
      "75%": 7.634366273880005
    },
    "negative_tok_with_orig": {
      "mean": 8.243697166442871,
      "std": 0.0911032184958458,
      "min": 7.823322296142578,
      "max": 8.564637184143066,
      "25%": 8.185598850250244,
      "median": 8.237770080566406,
      "75%": 8.302278518676758
    },
    "positive_sent": {
      "mean": 9.551826477050781,
      "std": 0.08320894837379456,
      "min": 9.21285343170166,
      "max": 9.916837692260742,
      "25%": 9.494237422943115,