{
  "seq_len": {
    "pos": {
      "mean": 14.039800995024876,
      "std": 3.43779114551757,
      "min": 8.0,
      "max": 27.0,
      "25%": 12.0,
      "median": 13.0,
      "75%": 16.0
    },
    "neg": {
      "mean": 15.024875621890548,
      "std": 3.4226273693542417,
      "min": 9.0,
      "max": 28.0,
      "25%": 13.0,
      "median": 14.0,
      "75%": 17.0
    }
  },
  "positive_greater_negative": {
    "num_greater": 187,
    "num_smaller": 14,
    "percentage": 0.9303482587064676,
    "seq_len": {
      "pos": {
        "mean": 13.871657754010695,
        "std": 3.273319798903531,
        "min": 8.0,
        "max": 27.0,
        "25%": 12.0,
        "median": 13.0,
        "75%": 16.0
      },
      "neg": {
        "mean": 14.871657754010695,
        "std": 3.273319798903531,
        "min": 9.0,
        "max": 28.0,
        "25%": 13.0,
        "median": 14.0,
        "75%": 17.0
      }
    }
  },
  "positive_greater_negative_with_orig": {},
  "pct_attention_positive": {
    "mean": 0.5349030292423915,
    "std": 0.026428439060194774,
    "min": 0.4042618672584053,
    "max": 0.601407816527924,
    "25%": 0.5205994799422513,
    "median": 0.5365229384308431,
    "75%": 0.5505949047961805
  },
  "pct_attention_negative": {
    "mean": 0.4650969707576084,
    "std": 0.026428439060194778,
    "min": 0.39859218347207603,
    "max": 0.5957381327415948,
    "25%": 0.4494050952038195,
    "median": 0.46347706156915686,
    "75%": 0.4794005200577486
  },
  "pct_of_total": {
    "positive": {
      "mean": 0.07020230688558511,
      "std": 0.02478974953230866,
      "min": 0.01932721565931271,
      "max": 0.13714059782616886,
      "25%": 0.049419603414005704,
      "median": 0.07021660937203301,
      "75%": 0.08610522950816359
    },
    "negative": {
      "mean": 0.06049190900414404,
      "std": 0.021282725891307346,
      "min": 0.019285700694033146,
      "max": 0.17924403349558513,
      "25%": 0.04380276600519816,
      "median": 0.060353121934113685,
      "75%": 0.07290354345598792
    },
    "negative_with_original": {
      "mean": 0.11894351185176825,
      "std": 0.03575837362114847,
      "min": 0.03934997786219718,
      "max": 0.20740068223741318,
      "25%": 0.0897569332593753,
      "median": 0.12148223982916938,
      "75%": 0.1456209798144479
    }
  },
  "special_tokens": {
    "sum_in_positive": {
      "mean": 1781.7334670640937,
      "std": 178.3630964614397,
      "min": 1228.162841796875,
      "max": 2677.59228515625,
      "25%": 1661.6961669921875,
      "median": 1790.0704345703125,
      "75%": 1897.166748046875
    },
    "sum_in_negative": {
      "mean": 1747.330950229322,
      "std": 172.93885627234545,
      "min": 1176.188232421875,
      "max": 2621.55322265625,
      "25%": 1642.9852294921875,
      "median": 1771.00244140625,
      "75%": 1858.713134765625
    },
    "pct_in_positive": {
      "mean": 0.3866609093134193,
      "std": 0.03870726968134533,
      "min": 0.26652839448716903,
      "max": 0.5810747146606445,
      "25%": 0.36061114735073513,
      "median": 0.38847014639112687,
      "75%": 0.4117115338643392
    },
    "pct_in_negative": {
      "mean": 0.37919508525143275,
      "std": 0.037530133502274306,
      "min": 0.2552491823832194,
      "max": 0.568913459777832,
      "25%": 0.3565506140391032,
      "median": 0.3843321270412869,
      "75%": 0.4033665657043457
    },
    "positive_is_greater": {},
    "negative_is_greater": {
      "sum_in_positive": {
        "mean": 1781.7334670640937,
        "std": 178.3630964614397,
        "min": 1228.162841796875,
        "max": 2677.59228515625,
        "25%": 1661.6961669921875,
        "median": 1790.0704345703125,
        "75%": 1897.166748046875
      },
      "sum_in_negative": {
        "mean": 1747.330950229322,
        "std": 172.93885627234545,
        "min": 1176.188232421875,
        "max": 2621.55322265625,
        "25%": 1642.9852294921875,
        "median": 1771.00244140625,
        "75%": 1858.713134765625
      }
    }
  },
  "describe_att_on_positive_tok": {
    "kurtosis": -0.43252972065550477,
    "mean": 323.49222998129,
    "minmax": [
      89.05980975811298,
      631.9438747829861
    ],
    "nobs": 201,
    "skewness": 0.32938790758339453,
    "variance": 13048.759284213607
  },
  "describe_att_on_negative_tok": {
    "kurtosis": 5.511904845402343,
    "mean": 278.7467167984305,
    "minmax": [
      88.86850879810474,
      825.9565063476563
    ],
    "nobs": 201,
    "skewness": 1.3876397462982317,
    "variance": 9617.881966766705
  },
  "describe_att_on_negative_tok_with_orig": {
    "kurtosis": -0.6509083845756809,
    "mean": 548.091702836688,
    "minmax": [
      181.32469798900462,
      955.70234375
    ],
    "nobs": 201,
    "skewness": 0.11702506752148814,
    "variance": 27150.66393489781
  },
  "pearsonr": {
    "confidence_interval": [
      0.8938176212933758,
      0.937763379390127
    ],
    "correlation": 0.9185838498926089,
    "pvalue": 3.636964259167968e-82,
    "statistic": 0.9185838498926089
  },
  "pearsonr_with_orig": {
    "confidence_interval": [
      0.9415391717496553,
      0.9660880523963243
    ],
    "correlation": 0.9554366291914269,
    "pvalue": 2.1068185254613652e-107,
    "statistic": 0.9554366291914269
  },
  "cov": 10290.657805596655,
  "cov_with_orig": 17983.603717343278,
  "pct_on_negative_tokens": 0.03034203853344904,
  "pct_on_positive_tokens": 0.03255203104335475,
  "pct_on_negative_tokens_with_orig": 0.05983931124375102,
  "cos_sim_full_att": {
    "mean": 0.614130117110352,
    "std": 0.048303560514081724,
    "min": 0.5552910566329956,
    "max": 0.9887291789054871,
    "25%": 0.6015826463699341,
    "median": 0.6121358275413513,
    "75%": 0.6198891997337341
  },
  "euc_dist_full_att": {
    "mean": 2.9647536375629366,
    "std": 0.320300935166203,
    "min": 0.45961177349090576,
    "max": 3.308279037475586,
    "25%": 2.9170007705688477,
    "median": 2.9861156940460205,
    "75%": 3.0934057235717773
  },
  "entropy": {
    "positive_tok": {
      "mean": 7.320254802703857,
      "std": 0.10737376660108566,
      "min": 6.9843597412109375,
      "max": 7.583316326141357,
      "25%": 7.2575578689575195,
      "median": 7.316136360168457,
      "75%": 7.3883957862854
    },
    "negative_tok": {
      "mean": 7.285924434661865,
      "std": 0.12641535699367523,
      "min": 6.907641410827637,
      "max": 7.988114356994629,
      "25%": 7.217405796051025,
      "median": 7.295309066772461,
      "75%": 7.348188400268555
    },
    "negative_tok_with_orig": {
      "mean": 7.945969581604004,
      "std": 0.10021763294935226,
      "min": 7.62645959854126,
      "max": 8.157180786132812,
      "25%": 7.8830108642578125,
      "median": 7.967696189880371,
      "75%": 8.014312744140625
    },
    "positive_sent": {
      "mean": 9.660221099853516,
      "std": 0.11490405350923538,
      "min": 9.407116889953613,
      "max": 10.018129348754883,
      "25%": 9.57492446899414,
      "median": 9.647007942199707,
      "75%": 9.741355895996094
    },
    "negative_sent": {
      "mean": 9.682480812072754,
      "std": 0.11021628230810165,
      "min": 9.452239036560059,
      "max": 10.05109977722168,
      "25%": 9.604896545410156,
      "median": 9.672574996948242,
      "75%": 9.747669219970703
    }
  },
  "att_negative_equals_att_negative_with_original": false,
  "pooler_outputs": {
    "cos_sim": {
      "mean": 0.9907488226890564,
      "std": 0.009048336185514927,
      "min": 0.926347553730011,
      "max": 0.9992434978485107,
      "25%": 0.9884695410728455,
      "median": 0.9936165809631348,
      "75%": 0.9960084557533264
    },
    "euc_dist": {
      "mean": 1.3281893730163574,
      "std": 0.5573720932006836,
      "min": 0.4115464687347412,
      "max": 3.9697072505950928,
      "25%": 0.9481387138366699,
      "median": 1.2040073871612549,
      "75%": 1.6151372194290161
    }
  }
}