{
  "seq_len": {
    "pos": {
      "mean": 14.35960591133005,
      "std": 4.307918548459674,
      "min": 8.0,
      "max": 31.0,
      "25%": 11.0,
      "median": 13.0,
      "75%": 17.0
    },
    "neg": {
      "mean": 15.339901477832512,
      "std": 4.25984404378541,
      "min": 9.0,
      "max": 31.0,
      "25%": 12.0,
      "median": 14.0,
      "75%": 17.5
    }
  },
  "positive_greater_negative": {
    "num_greater": 133,
    "num_smaller": 70,
    "percentage": 0.6551724137931034,
    "seq_len": {
      "pos": {
        "mean": 14.06766917293233,
        "std": 3.992787984569718,
        "min": 8.0,
        "max": 30.0,
        "25%": 11.0,
        "median": 13.0,
        "75%": 16.0
      },
      "neg": {
        "mean": 15.045112781954888,
        "std": 3.957854985426919,
        "min": 9.0,
        "max": 31.0,
        "25%": 12.0,
        "median": 14.0,
        "75%": 17.0
      }
    }
  },
  "positive_greater_negative_with_orig": {},
  "pct_attention_positive": {
    "mean": 0.5201275651079881,
    "std": 0.0715459464862904,
    "min": 0.19258637316533728,
    "max": 0.755353398575283,
    "25%": 0.4765240634637363,
    "median": 0.5227715664071154,
    "75%": 0.5692428494986106
  },
  "pct_attention_negative": {
    "mean": 0.4798724348920119,
    "std": 0.0715459464862904,
    "min": 0.24464660142471695,
    "max": 0.8074136268346628,
    "25%": 0.4307571505013894,
    "median": 0.47722843359288464,
    "75%": 0.5234759365362636
  },
  "pct_of_total": {
    "positive": {
      "mean": 0.08981657001220675,
      "std": 0.052792006225687194,
      "min": 0.019665724039077757,
      "max": 0.3962162190013462,
      "25%": 0.05549937597520295,
      "median": 0.08304430589531407,
      "75%": 0.10901439294346377
    },
    "negative": {
      "mean": 0.08030771529382379,
      "std": 0.04121067981947064,
      "min": 0.019519287678930495,
      "max": 0.335737505224016,
      "25%": 0.05213695822817366,
      "median": 0.07329154251113772,
      "75%": 0.09764138610232251
    },
    "negative_with_original": {
      "mean": 0.15504446834035915,
      "std": 0.07109669880875383,
      "min": 0.03870382242732578,
      "max": 0.4720445750939725,
      "25%": 0.10010449952943615,
      "median": 0.14919641093602257,
      "75%": 0.18903058453792032
    }
  },
  "special_tokens": {
    "sum_in_positive": {
      "mean": 2094.462848531789,
      "std": 429.6499288122033,
      "min": 942.7994995117188,
      "max": 3057.37451171875,
      "25%": 1764.5340576171875,
      "median": 2191.84423828125,
      "75%": 2452.0311279296875
    },
    "sum_in_negative": {
      "mean": 2032.556007723503,
      "std": 419.46625991642117,
      "min": 879.2025146484375,
      "max": 2716.026123046875,
      "25%": 1697.91845703125,
      "median": 2114.895263671875,
      "75%": 2381.3203125
    },
    "pct_in_positive": {
      "mean": 0.4545275276905437,
      "std": 0.09324000105034416,
      "min": 0.20460058583153617,
      "max": 0.6634927325778537,
      "25%": 0.38292839792039657,
      "median": 0.47566064198811847,
      "75%": 0.53212481074863
    },
    "pct_in_negative": {
      "mean": 0.4410928832895769,
      "std": 0.09103000389433422,
      "min": 0.1907991568247477,
      "max": 0.5894153912862142,
      "25%": 0.3684718873765733,
      "median": 0.45896164576212567,
      "75%": 0.5167795817057291
    },
    "positive_is_greater": {},
    "negative_is_greater": {
      "sum_in_positive": {
        "mean": 2094.462848531789,
        "std": 429.6499288122033,
        "min": 942.7994995117188,
        "max": 3057.37451171875,
        "25%": 1764.5340576171875,
        "median": 2191.84423828125,
        "75%": 2452.0311279296875
      },
      "sum_in_negative": {
        "mean": 2032.556007723503,
        "std": 419.46625991642117,
        "min": 879.2025146484375,
        "max": 2716.026123046875,
        "25%": 1697.91845703125,
        "median": 2114.895263671875,
        "75%": 2381.3203125
      }
    }
  },
  "describe_att_on_positive_tok": {
    "kurtosis": 9.950974978580534,
    "mean": 413.87475481777517,
    "minmax": [
      90.61965637207031,
      1825.7643371582033
    ],
    "nobs": 203,
    "skewness": 2.512855215124784,
    "variance": 59178.13482315821
  },
  "describe_att_on_negative_tok": {
    "kurtosis": 11.657474608136418,
    "mean": 370.05795230801397,
    "minmax": [
      89.94487762451172,
      1547.0784240722658
    ],
    "nobs": 203,
    "skewness": 2.5637470336471506,
    "variance": 36061.55906243958
  },
  "describe_att_on_negative_tok_with_orig": {
    "kurtosis": 3.6807514543113937,
    "mean": 714.4449105975837,
    "minmax": [
      178.3472137451172,
      2175.1814020330253
    ],
    "nobs": 203,
    "skewness": 1.470650073450497,
    "variance": 107330.66328821486
  },
  "pearsonr": {
    "confidence_interval": [
      0.5657711825367391,
      0.725168934336849
    ],
    "correlation": 0.6526329126995088,
    "pvalue": 5.108392733699742e-26,
    "statistic": 0.6526329126995088
  },
  "pearsonr_with_orig": {
    "confidence_interval": [
      0.9228508611836115,
      0.9549428828330057
    ],
    "correlation": 0.9409761408219646,
    "pvalue": 1.6227463681924252e-96,
    "statistic": 0.9409761408219646
  },
  "cov": 30148.926820465833,
  "cov_with_orig": 74993.07380965044,
  "pct_on_negative_tokens": 0.03620397242027747,
  "pct_on_positive_tokens": 0.03686822868463571,
  "pct_on_negative_tokens_with_orig": 0.0696362051633648,
  "cos_sim_full_att": {
    "mean": 0.3453861429479909,
    "std": 0.11213996421194503,
    "min": 0.2154483199119568,
    "max": 0.9869992733001709,
    "25%": 0.2725371718406677,
    "median": 0.3068152964115143,
    "75%": 0.4096795320510864
  },
  "euc_dist_full_att": {
    "mean": 4.393456914742004,
    "std": 0.6962658744848234,
    "min": 0.5027667284011841,
    "max": 5.33656644821167,
    "25%": 4.009767055511475,
    "median": 4.602724075317383,
    "75%": 4.88606858253479
  },
  "entropy": {
    "positive_tok": {
      "mean": 7.161750793457031,
      "std": 0.19560156762599945,
      "min": 6.509304046630859,
      "max": 7.94609260559082,
      "25%": 7.050665855407715,
      "median": 7.184197902679443,
      "75%": 7.284427642822266
    },
    "negative_tok": {
      "mean": 7.18090295791626,
      "std": 0.21037417650222778,
      "min": 6.573882102966309,
      "max": 8.257566452026367,
      "25%": 7.07975435256958,
      "median": 7.205774307250977,
      "75%": 7.298696756362915
    },
    "negative_tok_with_orig": {
      "mean": 7.823127269744873,
      "std": 0.18304720520973206,
      "min": 7.189375877380371,
      "max": 8.360594749450684,
      "25%": 7.7208497524261475,
      "median": 7.854544639587402,
      "75%": 7.943413257598877
    },
    "positive_sent": {
      "mean": 9.672487258911133,
      "std": 0.16122521460056305,
      "min": 9.342605590820312,
      "max": 10.102108001708984,
      "25%": 9.544788837432861,
      "median": 9.66209602355957,
      "75%": 9.774689197540283
    },
    "negative_sent": {
      "mean": 9.70351791381836,
      "std": 0.15264277160167694,
      "min": 9.391258239746094,
      "max": 10.125955581665039,
      "25%": 9.584030628204346,
      "median": 9.689480781555176,
      "75%": 9.803781032562256
    }
  },
  "att_negative_equals_att_negative_with_original": false
}