{
  "seq_len": {
    "pos": {
      "mean": 7.109886324491905,
      "std": 1.5968553546266986,
      "min": 5.0,
      "max": 14.0,
      "25%": 6.0,
      "median": 7.0,
      "75%": 8.0
    },
    "neg": {
      "mean": 7.9707199448846024,
      "std": 1.6399256168221705,
      "min": 5.0,
      "max": 15.0,
      "25%": 7.0,
      "median": 8.0,
      "75%": 9.0
    }
  },
  "positive_greater_negative": {
    "num_greater": 2648,
    "num_smaller": 255,
    "percentage": 0.9121598346538065,
    "seq_len": {
      "pos": {
        "mean": 7.107628398791541,
        "std": 1.6208788264808358,
        "min": 5.0,
        "max": 14.0,
        "25%": 6.0,
        "median": 7.0,
        "75%": 8.0
      },
      "neg": {
        "mean": 8.050981873111782,
        "std": 1.6442269381311934,
        "min": 5.0,
        "max": 15.0,
        "25%": 7.0,
        "median": 8.0,
        "75%": 9.0
      }
    }
  },
  "positive_greater_negative_with_orig": {},
  "pct_attention_positive": {
    "mean": 0.570612884666895,
    "std": 0.038744664132090614,
    "min": 0.45650241805233316,
    "max": 0.6873442655921062,
    "25%": 0.5554828110981587,
    "median": 0.5756924675032711,
    "75%": 0.5922662536886468
  },
  "pct_attention_negative": {
    "mean": 0.42938711533310503,
    "std": 0.038744664132090614,
    "min": 0.31265573440789385,
    "max": 0.5434975819476668,
    "25%": 0.4077337463113532,
    "median": 0.4243075324967289,
    "75%": 0.4445171889018413
  },
  "pct_of_total": {
    "positive": {
      "mean": 0.16956016011860509,
      "std": 0.060803552334602266,
      "min": 0.030373742892628626,
      "max": 0.4443492889404297,
      "25%": 0.12249175431059538,
      "median": 0.16550405157936943,
      "75%": 0.2095978789859348
    },
    "negative": {
      "mean": 0.12586024962629516,
      "std": 0.0418714244412252,
      "min": 0.027523929874102276,
      "max": 0.3255945642789205,
      "25%": 0.0949272496142873,
      "median": 0.12161246367863246,
      "75%": 0.15175870604931363
    },
    "negative_with_original": {
      "mean": 0.2721374655307455,
      "std": 0.08450061076665788,
      "min": 0.06431544489330715,
      "max": 0.6405348777770996,
      "25%": 0.21006448401345146,
      "median": 0.2631468432290214,
      "75%": 0.3254011699131557
    }
  },
  "special_tokens": {
    "sum_in_positive": {
      "mean": 2707.648315976334,
      "std": 143.1171843006993,
      "min": 2222.478271484375,
      "max": 3178.71875,
      "25%": 2609.3011474609375,
      "median": 2703.26708984375,
      "75%": 2800.6141357421875
    },
    "sum_in_negative": {
      "mean": 2621.3646367645,
      "std": 126.64566649577088,
      "min": 2175.959716796875,
      "max": 3010.703125,
      "25%": 2535.1151123046875,
      "median": 2623.390625,
      "75%": 2707.3409423828125
    },
    "pct_in_positive": {
      "mean": 0.5875972907751132,
      "std": 0.0310584167874318,
      "min": 0.48230865266587997,
      "max": 0.6898261176215278,
      "25%": 0.5662545892927382,
      "median": 0.5866465038723416,
      "75%": 0.6077721648746066
    },
    "pct_in_negative": {
      "mean": 0.568872533747364,
      "std": 0.02748386852678708,
      "min": 0.4722134802076552,
      "max": 0.6533643934461806,
      "25%": 0.5501551893022325,
      "median": 0.5693122016059028,
      "75%": 0.5875305864546034
    },
    "positive_is_greater": {},
    "negative_is_greater": {
      "sum_in_positive": {
        "mean": 2707.648315976334,
        "std": 143.1171843006993,
        "min": 2222.478271484375,
        "max": 3178.71875,
        "25%": 2609.3011474609375,
        "median": 2703.26708984375,
        "75%": 2800.6141357421875
      },
      "sum_in_negative": {
        "mean": 2621.3646367645,
        "std": 126.64566649577088,
        "min": 2175.959716796875,
        "max": 3010.703125,
        "25%": 2535.1151123046875,
        "median": 2623.390625,
        "75%": 2707.3409423828125
      }
    }
  },
  "describe_att_on_positive_tok": {
    "kurtosis": 0.09209023650037595,
    "mean": 781.333217791385,
    "minmax": [
      139.9622072492327,
      2047.5615234375
    ],
    "nobs": 2903,
    "skewness": 0.4576951803433524,
    "variance": 78502.38407602801
  },
  "describe_att_on_negative_tok": {
    "kurtosis": 0.4627829826797858,
    "mean": 579.964030470525,
    "minmax": [
      126.83026885986328,
      1500.3397521972656
    ],
    "nobs": 2903,
    "skewness": 0.612977040745852,
    "variance": 37227.203330296164
  },
  "describe_att_on_negative_tok_with_orig": {
    "kurtosis": 0.5253883212216821,
    "mean": 1254.0094415869485,
    "minmax": [
      296.3655700683594,
      2951.584716796875
    ],
    "nobs": 2903,
    "skewness": 0.6112046759710694,
    "variance": 151615.86084728778
  },
  "pearsonr": {
    "confidence_interval": [
      0.852910397019985,
      0.871558518851795
    ],
    "correlation": 0.8625270315839024,
    "pvalue": 0.0,
    "statistic": 0.8625270315839024
  },
  "pearsonr_with_orig": {
    "confidence_interval": [
      0.7847448295401133,
      0.8111542420761658
    ],
    "correlation": 0.7983330401086802,
    "pvalue": 0.0,
    "statistic": 0.7983330401086802
  },
  "cov": 46627.73757264385,
  "cov_with_orig": 87095.92675669095,
  "pct_on_negative_tokens": 0.06298804555819595,
  "pct_on_positive_tokens": 0.07505810290316095,
  "pct_on_negative_tokens_with_orig": 0.1365117724136082,
  "cos_sim_full_att": {
    "mean": 0.4635298190304135,
    "std": 0.203777272038657,
    "min": 0.32058843970298767,
    "max": 0.9810404181480408,
    "25%": 0.372251495718956,
    "median": 0.38629573583602905,
    "75%": 0.40317772328853607
  },
  "euc_dist_full_att": {
    "mean": 3.6146011119705213,
    "std": 1.1424950269275278,
    "min": 0.6176735758781433,
    "max": 4.6254425048828125,
    "25%": 3.909515619277954,
    "median": 4.042900085449219,
    "75%": 4.149386405944824
  },
  "entropy": {
    "positive_tok": {
      "mean": 7.780778884887695,
      "std": 0.06633581966161728,
      "min": 7.419347763061523,
      "max": 7.931775093078613,
      "25%": 7.743639707565308,
      "median": 7.789681434631348,
      "75%": 7.828152894973755
    },
    "negative_tok": {
      "mean": 7.760469436645508,
      "std": 0.06212487816810608,
      "min": 7.38157320022583,
      "max": 7.9031829833984375,
      "25%": 7.7244648933410645,
      "median": 7.766806602478027,
      "75%": 7.80355978012085
    },
    "negative_tok_with_orig": {
      "mean": 8.42842960357666,
      "std": 0.05507740378379822,
      "min": 8.08617877960205,
      "max": 8.567655563354492,
      "25%": 8.394606590270996,
      "median": 8.434234619140625,
      "75%": 8.46781587600708
    },
    "positive_sent": {
      "mean": 9.614307403564453,
      "std": 0.09459663927555084,
      "min": 9.338703155517578,
      "max": 9.966712951660156,
      "25%": 9.549910068511963,
      "median": 9.612945556640625,
      "75%": 9.677763938903809
    },
    "negative_sent": {
      "mean": 9.674128532409668,
      "std": 0.08310708403587341,
      "min": 9.426413536071777,
      "max": 9.991958618164062,
      "25%": 9.618101119995117,
      "median": 9.668794631958008,
      "75%": 9.72759199142456
    }
  },
  "att_negative_equals_att_negative_with_original": false,
  "pooler_outputs": {
    "cos_sim": {
      "mean": 0.9090243577957153,
      "std": 0.09901666641235352,
      "min": 0.3917015790939331,
      "max": 0.998900294303894,
      "25%": 0.8742923736572266,
      "median": 0.9469103813171387,
      "75%": 0.979607880115509
    },
    "euc_dist": {
      "mean": 8.182097434997559,
      "std": 4.589781284332275,
      "min": 1.194440484046936,
      "max": 25.438508987426758,
      "25%": 4.398421049118042,
      "median": 7.161971092224121,
      "75%": 10.946299076080322
    }
  }
}