{
  "seq_len": {
    "pos": {
      "mean": 14.113300492610838,
      "std": 3.6304502139255175,
      "min": 7.0,
      "max": 29.0,
      "25%": 11.0,
      "median": 14.0,
      "75%": 16.0
    },
    "neg": {
      "mean": 15.098522167487685,
      "std": 3.6179075763404756,
      "min": 8.0,
      "max": 30.0,
      "25%": 12.0,
      "median": 15.0,
      "75%": 17.0
    }
  },
  "positive_greater_negative": {
    "num_greater": 196,
    "num_smaller": 7,
    "percentage": 0.9655172413793104,
    "seq_len": {
      "pos": {
        "mean": 14.08673469387755,
        "std": 3.634256888175587,
        "min": 7.0,
        "max": 29.0,
        "25%": 11.0,
        "median": 13.5,
        "75%": 16.0
      },
      "neg": {
        "mean": 15.08673469387755,
        "std": 3.634256888175587,
        "min": 8.0,
        "max": 30.0,
        "25%": 12.0,
        "median": 14.5,
        "75%": 17.0
      }
    }
  },
  "positive_greater_negative_with_orig": {},
  "pct_attention_positive": {
    "mean": 0.5447414242368159,
    "std": 0.02315336200557564,
    "min": 0.45365605569305134,
    "max": 0.5987554393033361,
    "25%": 0.5285197208093904,
    "median": 0.5436527753233782,
    "75%": 0.5618507983206513
  },
  "pct_attention_negative": {
    "mean": 0.45525857576318407,
    "std": 0.023153362005575644,
    "min": 0.40124456069666387,
    "max": 0.5463439443069487,
    "25%": 0.4381492016793488,
    "median": 0.4563472246766217,
    "75%": 0.47148027919060964
  },
  "pct_of_total": {
    "positive": {
      "mean": 0.11321851562083123,
      "std": 0.06200777502714452,
      "min": 0.021149615446726482,
      "max": 0.6257779257638113,
      "25%": 0.0757821668364049,
      "median": 0.1033568713400099,
      "75%": 0.13641294204827512
    },
    "negative": {
      "mean": 0.09336619020913736,
      "std": 0.048210418630142464,
      "min": 0.019956870211495295,
      "max": 0.4357055326302846,
      "25%": 0.06407300277514108,
      "median": 0.08366911893799192,
      "75%": 0.10850458986993529
    },
    "negative_with_original": {
      "mean": 0.17233750861699576,
      "std": 0.0761517895541865,
      "min": 0.0336935023466746,
      "max": 0.6531899174054464,
      "25%": 0.11903831223938979,
      "median": 0.16402310795254177,
      "75%": 0.20559428912452143
    }
  },
  "special_tokens": {
    "sum_in_positive": {
      "mean": 2216.495340882851,
      "std": 157.3722042963839,
      "min": 1873.3680419921875,
      "max": 2709.51806640625,
      "25%": 2102.4957275390625,
      "median": 2212.174560546875,
      "75%": 2313.396728515625
    },
    "sum_in_negative": {
      "mean": 2178.0419921875,
      "std": 153.89977303816497,
      "min": 1877.83251953125,
      "max": 2666.72412109375,
      "25%": 2062.6512451171875,
      "median": 2159.1474609375,
      "75%": 2256.1751708984375
    },
    "pct_in_positive": {
      "mean": 0.4810102733541273,
      "std": 0.0341519535984377,
      "min": 0.4065468841128879,
      "max": 0.588003052605523,
      "25%": 0.45627077420552575,
      "median": 0.48007260428534615,
      "75%": 0.5020392205980089
    },
    "pct_in_negative": {
      "mean": 0.47266536387673314,
      "std": 0.033398388372885474,
      "min": 0.407515737745497,
      "max": 0.5787161721123589,
      "25%": 0.44762396812438965,
      "median": 0.4685649871826172,
      "75%": 0.48962134785122347
    },
    "positive_is_greater": {},
    "negative_is_greater": {
      "sum_in_positive": {
        "mean": 2216.495340882851,
        "std": 157.3722042963839,
        "min": 1873.3680419921875,
        "max": 2709.51806640625,
        "25%": 2102.4957275390625,
        "median": 2212.174560546875,
        "75%": 2313.396728515625
      },
      "sum_in_negative": {
        "mean": 2178.0419921875,
        "std": 153.89977303816497,
        "min": 1877.83251953125,
        "max": 2666.72412109375,
        "25%": 2062.6512451171875,
        "median": 2159.1474609375,
        "75%": 2256.1751708984375
      }
    }
  },
  "describe_att_on_positive_tok": {
    "kurtosis": 22.62710134040434,
    "mean": 521.7109191965687,
    "minmax": [
      97.45742797851562,
      2883.5846819196427
    ],
    "nobs": 203,
    "skewness": 3.4056997215041305,
    "variance": 81642.67714832611
  },
  "describe_att_on_negative_tok": {
    "kurtosis": 15.169207940356507,
    "mean": 430.23140481258827,
    "minmax": [
      91.96125793457031,
      2007.7310943603516
    ],
    "nobs": 203,
    "skewness": 2.9657108380120505,
    "variance": 49352.22617880939
  },
  "describe_att_on_negative_tok_with_orig": {
    "kurtosis": 8.349337511396946,
    "mean": 794.1312403347787,
    "minmax": [
      155.25965881347656,
      3009.899139404297
    ],
    "nobs": 203,
    "skewness": 1.9287758981630776,
    "variance": 123136.03648961202
  },
  "pearsonr": {
    "confidence_interval": [
      0.9555364058102117,
      0.9742144245668073
    ],
    "correlation": 0.9661179137471816,
    "pvalue": 3.4227833789459994e-120,
    "statistic": 0.9661179137471816
  },
  "pearsonr_with_orig": {
    "confidence_interval": [
      0.9607882027570628,
      0.9772857011514262
    ],
    "correlation": 0.9701389656570446,
    "pvalue": 1.281757617840517e-125,
    "statistic": 0.9701389656570446
  },
  "cov": 61325.64537243381,
  "cov_with_orig": 97271.39677474143,
  "pct_on_negative_tokens": 0.04263480244174836,
  "pct_on_positive_tokens": 0.04770538993037067,
  "pct_on_negative_tokens_with_orig": 0.07905062235439157,
  "cos_sim_full_att": {
    "mean": 0.42413695105190935,
    "std": 0.07600691754896291,
    "min": 0.3249746561050415,
    "max": 0.9912488460540771,
    "25%": 0.3981425613164902,
    "median": 0.42216575145721436,
    "75%": 0.443057045340538
  },
  "euc_dist_full_att": {
    "mean": 3.524673276493702,
    "std": 0.4220039367555204,
    "min": 0.38577625155448914,
    "max": 4.237356185913086,
    "25%": 3.4233466386795044,
    "median": 3.5199108123779297,
    "75%": 3.6812989711761475
  },
  "entropy": {
    "positive_tok": {
      "mean": 7.642633438110352,
      "std": 0.1324002593755722,
      "min": 7.137409210205078,
      "max": 8.55200481414795,
      "25%": 7.569316625595093,
      "median": 7.643484115600586,
      "75%": 7.713222980499268
    },
    "negative_tok": {
      "mean": 7.6198272705078125,
      "std": 0.16365788877010345,
      "min": 7.0409393310546875,
      "max": 8.515237808227539,
      "25%": 7.54076886177063,
      "median": 7.6213483810424805,
      "75%": 7.693159341812134
    },
    "negative_tok_with_orig": {
      "mean": 8.289632797241211,
      "std": 0.12934783101081848,
      "min": 7.69310188293457,
      "max": 8.92654800415039,
      "25%": 8.226924896240234,
      "median": 8.30540657043457,
      "75%": 8.367063522338867
    },
    "positive_sent": {
      "mean": 9.986888885498047,
      "std": 0.11299540847539902,
      "min": 9.657835960388184,
      "max": 10.250567436218262,
      "25%": 9.913759231567383,
      "median": 9.983185768127441,
      "75%": 10.078609943389893
    },
    "negative_sent": {
      "mean": 10.029403686523438,
      "std": 0.10448306053876877,
      "min": 9.720613479614258,
      "max": 10.260530471801758,
      "25%": 9.966220378875732,
      "median": 10.040719032287598,
      "75%": 10.111411571502686
    }
  },
  "att_negative_equals_att_negative_with_original": false,
  "pooler_outputs": {
    "cos_sim": {
      "mean": 0.9975811243057251,
      "std": 0.002422940917313099,
      "min": 0.9868658781051636,
      "max": 0.9998783469200134,
      "25%": 0.9967125654220581,
      "median": 0.9984961748123169,
      "75%": 0.999220073223114
    },
    "euc_dist": {
      "mean": 1.3256200551986694,
      "std": 0.6369727253913879,
      "min": 0.33020415902137756,
      "max": 3.4414010047912598,
      "25%": 0.8440658152103424,
      "median": 1.170754075050354,
      "75%": 1.7080317735671997
    }
  }
}