{
  "seq_len": {
    "pos": {
      "mean": 8.566679403897593,
      "std": 2.7152677472117364,
      "min": 3.0,
      "max": 27.0,
      "25%": 7.0,
      "median": 8.0,
      "75%": 10.0
    },
    "neg": {
      "mean": 9.42472296522736,
      "std": 2.7454195771077394,
      "min": 3.0,
      "max": 26.0,
      "25%": 8.0,
      "median": 9.0,
      "75%": 11.0
    }
  },
  "positive_greater_negative": {
    "num_greater": 4729,
    "num_smaller": 505,
    "percentage": 0.9035154757355751,
    "seq_len": {
      "pos": {
        "mean": 8.555931486572215,
        "std": 2.70572558778377,
        "min": 3.0,
        "max": 27.0,
        "25%": 7.0,
        "median": 8.0,
        "75%": 10.0
      },
      "neg": {
        "mean": 9.467117783886657,
        "std": 2.7100090539756403,
        "min": 3.0,
        "max": 26.0,
        "25%": 8.0,
        "median": 9.0,
        "75%": 11.0
      }
    }
  },
  "positive_greater_negative_with_orig": {
    "num_greater": 663,
    "num_smaller": 4571,
    "percentage": 0.12667176155903706,
    "seq_len": {
      "pos": {
        "mean": 8.422322775263952,
        "std": 2.7172242431388782,
        "min": 3.0,
        "max": 27.0,
        "25%": 7.0,
        "median": 8.0,
        "75%": 9.0
      },
      "neg": {
        "mean": 8.760180995475114,
        "std": 2.5387833927350725,
        "min": 3.0,
        "max": 21.0,
        "25%": 7.0,
        "median": 9.0,
        "75%": 10.0
      }
    }
  },
  "pct_attention_positive": {
    "mean": 0.5466026262316094,
    "std": 0.037054274714905786,
    "min": 0.3000186950349296,
    "max": 0.7418137994785238,
    "25%": 0.5307618066806865,
    "median": 0.5500170742719266,
    "75%": 0.5676924351008659
  },
  "pct_attention_negative": {
    "mean": 0.4533973737683907,
    "std": 0.037054274714905786,
    "min": 0.25818620052147623,
    "max": 0.6999813049650704,
    "25%": 0.43230756489913413,
    "median": 0.4499829257280735,
    "75%": 0.4692381933193135
  },
  "pct_of_total": {
    "positive": {
      "mean": 0.26301868004744844,
      "std": 0.1769918444656746,
      "min": 0.031658256053924555,
      "max": 1.8075381517410278,
      "25%": 0.1581922838321099,
      "median": 0.21319010853767395,
      "75%": 0.3090251549368813
    },
    "negative": {
      "mean": 0.21883157424872504,
      "std": 0.15888997392300797,
      "min": 0.02867368422448635,
      "max": 1.7172162532806396,
      "25%": 0.13470035933635452,
      "median": 0.1716504480689764,
      "75%": 0.23802365282816546
    },
    "negative_with_original": {
      "mean": 0.3725513447329984,
      "std": 0.19834629495245956,
      "min": 0.03237861316455038,
      "max": 1.8163653016090393,
      "25%": 0.25010656633160333,
      "median": 0.3319154504017952,
      "75%": 0.441988717764616
    }
  },
  "special_tokens": {
    "sum_in_positive": {
      "mean": 2621.912329213511,
      "std": 177.4725198773015,
      "min": 1847.85205078125,
      "max": 3435.26708984375,
      "25%": 2516.7560424804688,
      "median": 2634.8939208984375,
      "75%": 2738.4109497070312
    },
    "sum_in_negative": {
      "mean": 2528.1100458036544,
      "std": 166.52047717105867,
      "min": 1852.6185302734375,
      "max": 3304.65283203125,
      "25%": 2422.6345825195312,
      "median": 2542.74267578125,
      "75%": 2641.0990600585938
    },
    "pct_in_positive": {
      "mean": 0.5693109524869575,
      "std": 0.03872325971442758,
      "min": 0.4235112402174208,
      "max": 0.7195828755696615,
      "25%": 0.5466697216033936,
      "median": 0.5717754364013672,
      "75%": 0.5949363973405626
    },
    "pct_in_negative": {
      "mean": 0.5489004938867762,
      "std": 0.036384632764347946,
      "min": 0.4020439518822564,
      "max": 0.7151723437839084,
      "25%": 0.5270101494259305,
      "median": 0.5519528444028265,
      "75%": 0.573625644048055
    },
    "positive_is_greater": {
      "sum_in_positive": {
        "mean": 2603.6936259780355,
        "std": 178.96589432737701,
        "min": 1847.85205078125,
        "max": 3435.26708984375,
        "25%": 2507.0302734375,
        "median": 2612.9013671875,
        "75%": 2711.809326171875
      },
      "sum_in_negative": {
        "mean": 2581.882682144372,
        "std": 169.35130711890918,
        "min": 2027.5517578125,
        "max": 3304.65283203125,
        "25%": 2487.7540283203125,
        "median": 2593.90576171875,
        "75%": 2676.010498046875
      }
    },
    "negative_is_greater": {
      "sum_in_positive": {
        "mean": 2624.5548582542283,
        "std": 177.11900416217057,
        "min": 1951.539794921875,
        "max": 3291.452392578125,
        "25%": 2519.142333984375,
        "median": 2638.07470703125,
        "75%": 2741.69775390625
      },
      "sum_in_negative": {
        "mean": 2520.3106019415027,
        "std": 164.67262586367306,
        "min": 1852.6185302734375,
        "max": 3020.22802734375,
        "25%": 2414.426025390625,
        "median": 2535.05078125,
        "75%": 2634.2127685546875
      }
    }
  },
  "describe_att_on_positive_tok": {
    "kurtosis": 11.386876284641154,
    "mean": 1211.9900778954034,
    "minmax": [
      145.88124389648436,
      8329.135803222656
    ],
    "nobs": 5234,
    "skewness": 2.7384533833031983,
    "variance": 665168.1580667151
  },
  "describe_att_on_negative_tok": {
    "kurtosis": 13.461982430939248,
    "mean": 1008.3758940215212,
    "minmax": [
      132.1283369064331,
      7912.9324951171875
    ],
    "nobs": 5234,
    "skewness": 3.1301577412693824,
    "variance": 536065.5869418031
  },
  "describe_att_on_negative_tok_with_orig": {
    "kurtosis": 7.494074603482375,
    "mean": 1716.7165963495677,
    "minmax": [
      149.20064946224815,
      8369.811309814453
    ],
    "nobs": 5234,
    "skewness": 2.052344348583106,
    "variance": 835358.9414658922
  },
  "pearsonr": {
    "confidence_interval": [
      0.9345436988627892,
      0.9410697866265417
    ],
    "correlation": 0.9378896560253418,
    "pvalue": 0.0,
    "statistic": 0.9378896560253418
  },
  "pearsonr_with_orig": {
    "confidence_interval": [
      0.8863128716625506,
      0.8973925919690229
    ],
    "correlation": 0.8919866090018166,
    "pvalue": 0.0,
    "statistic": 0.8919866090018166
  },
  "cov": 560049.5283090561,
  "cov_with_orig": 664906.5679010928,
  "pct_on_negative_tokens": 0.0676951070416532,
  "pct_on_positive_tokens": 0.07307882302544737,
  "pct_on_negative_tokens_with_orig": 0.1169437551456151,
  "cos_sim_full_att": {
    "mean": 0.4453003502411381,
    "std": 0.198051777786132,
    "min": 0.2597721517086029,
    "max": 0.9781320095062256,
    "25%": 0.356480173766613,
    "median": 0.37326788902282715,
    "75%": 0.39654387533664703
  },
  "euc_dist_full_att": {
    "mean": 3.613109352869253,
    "std": 1.0508750182245914,
    "min": 0.600838303565979,
    "max": 4.5301923751831055,
    "25%": 3.8703929781913757,
    "median": 3.9908463954925537,
    "75%": 4.089476108551025
  },
  "entropy": {
    "positive_tok": {
      "mean": 7.842982769012451,
      "std": 0.23745201528072357,
      "min": 7.125574111938477,
      "max": 9.404105186462402,
      "25%": 7.752147912979126,
      "median": 7.805441379547119,
      "75%": 7.856343626976013
    },
    "negative_tok": {
      "mean": 7.823265075683594,
      "std": 0.2310708612203598,
      "min": 7.081584930419922,
      "max": 9.30788516998291,
      "25%": 7.727022171020508,
      "median": 7.778080463409424,
      "75%": 7.833442449569702
    },
    "negative_tok_with_orig": {
      "mean": 8.336286544799805,
      "std": 0.3041376769542694,
      "min": 7.3444719314575195,
      "max": 9.456933975219727,
      "25%": 8.337274551391602,
      "median": 8.426233291625977,
      "75%": 8.477916717529297
    },
    "positive_sent": {
      "mean": 9.712246894836426,
      "std": 0.12679243087768555,
      "min": 9.22098445892334,
      "max": 10.140315055847168,
      "25%": 9.630328178405762,