{
  "seq_len": {
    "pos": {
      "mean": 14.113300492610838,
      "std": 3.6304502139255175,
      "min": 7.0,
      "max": 29.0,
      "25%": 11.0,
      "median": 14.0,
      "75%": 16.0
    },
    "neg": {
      "mean": 15.098522167487685,
      "std": 3.6179075763404756,
      "min": 8.0,
      "max": 30.0,
      "25%": 12.0,
      "median": 15.0,
      "75%": 17.0
    }
  },
  "positive_greater_negative": {
    "num_greater": 189,
    "num_smaller": 14,
    "percentage": 0.9310344827586207,
    "seq_len": {
      "pos": {
        "mean": 13.867724867724867,
        "std": 3.428365035628004,
        "min": 7.0,
        "max": 29.0,
        "25%": 11.0,
        "median": 13.0,
        "75%": 16.0
      },
      "neg": {
        "mean": 14.862433862433862,
        "std": 3.4258274978178167,
        "min": 8.0,
        "max": 30.0,
        "25%": 12.0,
        "median": 14.0,
        "75%": 17.0
      }
    }
  },
  "positive_greater_negative_with_orig": {},
  "pct_attention_positive": {
    "mean": 0.5447604792029391,
    "std": 0.03225142855874869,
    "min": 0.4025553815610869,
    "max": 0.6201534140582113,
    "25%": 0.5262922300923512,
    "median": 0.5463190887358076,
    "75%": 0.568666573161966
  },
  "pct_attention_negative": {
    "mean": 0.4552395207970609,
    "std": 0.032251428558748685,
    "min": 0.3798465859417886,
    "max": 0.597444618438913,
    "25%": 0.431333426838034,
    "median": 0.4536809112641925,
    "75%": 0.4737077699076489
  },
  "pct_of_total": {
    "positive": {
      "mean": 0.10421171685094803,
      "std": 0.056246141411896405,
      "min": 0.020687038871063584,
      "max": 0.5302751064300537,
      "25%": 0.06989164112342729,
      "median": 0.09421177563213166,
      "75%": 0.1283079823413929
    },
    "negative": {
      "mean": 0.08591042907113076,
      "std": 0.04502077921594922,
      "min": 0.02209131419658661,
      "max": 0.35439789295196533,
      "25%": 0.057827590654293694,
      "median": 0.07586191760169135,
      "75%": 0.09877610283020216
    },
    "negative_with_original": {
      "mean": 0.1922837960303479,
      "std": 0.08040379955097568,
      "min": 0.0421964857313368,
      "max": 0.5757425228754679,
      "25%": 0.13618588505664997,
      "median": 0.17915173371632895,
      "75%": 0.23216904610650152
    }
  },
  "special_tokens": {
    "sum_in_positive": {
      "mean": 2398.4504286291562,
      "std": 164.93698211606983,
      "min": 1876.5703125,
      "max": 2868.12109375,
      "25%": 2297.982421875,
      "median": 2388.4638671875,
      "75%": 2503.12939453125
    },
    "sum_in_negative": {
      "mean": 2329.9941821168795,
      "std": 143.1674086213932,
      "min": 1839.987060546875,
      "max": 2712.20068359375,
      "25%": 2251.212890625,
      "median": 2334.5322265625,
      "75%": 2422.9322509765625
    },
    "pct_in_positive": {
      "mean": 0.5204970548166037,
      "std": 0.03579361580142167,
      "min": 0.4072418212890625,
      "max": 0.622422112358941,
      "25%": 0.498694101969401,
      "median": 0.518329832288954,
      "75%": 0.5432138442993164
    },
    "pct_in_negative": {
      "mean": 0.5056410985775665,
      "std": 0.031069316574015703,
      "min": 0.3993027475145128,
      "max": 0.5885852177937826,
      "25%": 0.4885444641113281,
      "median": 0.5066259172227647,
      "75%": 0.5258099502987332
    },
    "positive_is_greater": {},
    "negative_is_greater": {
      "sum_in_positive": {
        "mean": 2398.4504286291562,
        "std": 164.93698211606983,
        "min": 1876.5703125,
        "max": 2868.12109375,
        "25%": 2297.982421875,
        "median": 2388.4638671875,
        "75%": 2503.12939453125
      },
      "sum_in_negative": {
        "mean": 2329.9941821168795,
        "std": 143.1674086213932,
        "min": 1839.987060546875,
        "max": 2712.20068359375,
        "25%": 2251.212890625,
        "median": 2334.5322265625,
        "75%": 2422.9322509765625
      }
    }
  },
  "describe_att_on_positive_tok": {
    "kurtosis": 17.214794066172782,
    "mean": 480.20759141413504,
    "minmax": [
      95.32587511786099,
      2443.5076904296875
    ],
    "nobs": 203,
    "skewness": 3.0056171665444715,
    "variance": 67175.42335324343
  },
  "describe_att_on_negative_tok": {
    "kurtosis": 11.374723195559392,
    "mean": 395.875257086509,
    "minmax": [
      101.7967758178711,
      1633.0654907226562
    ],
    "nobs": 203,
    "skewness": 2.7685702461947734,
    "variance": 43037.88852965495
  },
  "describe_att_on_negative_tok_with_orig": {
    "kurtosis": 4.402240672277496,
    "mean": 886.0437318105087,
    "minmax": [
      194.44140625,
      2653.0215454101562
    ],
    "nobs": 203,
    "skewness": 1.4930514563338304,
    "variance": 137270.77491350763
  },
  "pearsonr": {
    "confidence_interval": [
      0.8941729382313823,
      0.9378083914670194
    ],
    "correlation": 0.9187510666314377,
    "pvalue": 4.637225134435321e-83,
    "statistic": 0.9187510666314377
  },
  "pearsonr_with_orig": {
    "confidence_interval": [
      0.9295821914250803,
      0.9589339563584507
    ],
    "correlation": 0.946170296648322,
    "pvalue": 2.013569428391489e-100,
    "statistic": 0.946170296648322
  },
  "cov": 49400.181043168384,
  "cov_with_orig": 90858.08075826071,
  "pct_on_negative_tokens": 0.039321297087431865,
  "pct_on_positive_tokens": 0.04401320449857028,
  "pct_on_negative_tokens_with_orig": 0.08858168908136427,
  "cos_sim_full_att": {
    "mean": 0.39278304341978626,
    "std": 0.07544324827756181,
    "min": 0.31796300411224365,
    "max": 0.9756478071212769,
    "25%": 0.3691670745611191,
    "median": 0.38446277379989624,
    "75%": 0.40338824689388275
  },
  "euc_dist_full_att": {
    "mean": 3.8413748403488124,
    "std": 0.41724278953211824,
    "min": 0.6543229818344116,
    "max": 4.325506210327148,
    "25%": 3.7713702917099,
    "median": 3.8797459602355957,
    "75%": 3.9972097873687744
  },
  "entropy": {
    "positive_tok": {
      "mean": 7.542527198791504,
      "std": 0.14430482685565948,
      "min": 6.944841384887695,
      "max": 8.440387725830078,
      "25%": 7.466778993606567,
      "median": 7.555813312530518,
      "75%": 7.625370502471924
    },
    "negative_tok": {
      "mean": 7.534202575683594,
      "std": 0.16458436846733093,
      "min": 6.949485778808594,
      "max": 8.34048080444336,
      "25%": 7.448956489562988,
      "median": 7.548669815063477,
      "75%": 7.6218297481536865
    },
    "negative_tok_with_orig": {
      "mean": 8.193304061889648,
      "std": 0.1220327839255333,
      "min": 7.641210556030273,
      "max": 8.690631866455078,
      "25%": 8.127963066101074,
      "median": 8.21463394165039,
      "75%": 8.267416000366211
    },
    "positive_sent": {
      "mean": 9.858068466186523,
      "std": 0.10752244293689728,
      "min": 9.567941665649414,
      "max": 10.173243522644043,
      "25%": 9.790874481201172,
      "median": 9.863119125366211,
      "75%": 9.9293794631958
    },
    "negative_sent": {
      "mean": 9.903247833251953,
      "std": 0.09546211361885071,
      "min": 9.58642292022705,
      "max": 10.191112518310547,
      "25%": 9.839704990386963,
      "median": 9.900762557983398,
      "75%": 9.962498188018799
    }
  },
  "att_negative_equals_att_negative_with_original": false,
  "pooler_outputs": {
    "cos_sim": {
      "mean": 0.9284063577651978,
      "std": 0.08461049199104309,
      "min": 0.5059043169021606,
      "max": 0.9992626309394836,
      "25%": 0.9119978845119476,
      "median": 0.963476300239563,
      "75%": 0.9798298180103302
    },
    "euc_dist": {
      "mean": 7.228460311889648,
      "std": 4.028757572174072,
      "min": 0.9286121129989624,
      "max": 21.49679946899414,
      "25%": 4.447336196899414,
      "median": 6.082526206970215,
      "75%": 9.061849594116211
    }
  }
}