{
  "seq_len": {
    "pos": {
      "mean": 8.22109688515192,
      "std": 3.1811752446675716,
      "min": 2.0,
      "max": 30.0,
      "25%": 6.0,
      "median": 8.0,
      "75%": 10.0
    },
    "neg": {
      "mean": 9.021593732084845,
      "std": 3.1952444567562672,
      "min": 2.0,
      "max": 31.0,
      "25%": 7.0,
      "median": 9.0,
      "75%": 10.0
    }
  },
  "positive_greater_negative": {
    "num_greater": 4366,
    "num_smaller": 867,
    "percentage": 0.8343206573667112,
    "seq_len": {
      "pos": {
        "mean": 7.990151168117269,
        "std": 3.0075345057090717,
        "min": 2.0,
        "max": 30.0,
        "25%": 6.0,
        "median": 8.0,
        "75%": 9.0
      },
      "neg": {
        "mean": 8.827301878149337,
        "std": 2.9631484453713917,
        "min": 3.0,
        "max": 31.0,
        "25%": 7.0,
        "median": 8.0,
        "75%": 10.0
      }
    }
  },
  "positive_greater_negative_with_orig": {
    "num_greater": 642,
    "num_smaller": 4591,
    "percentage": 0.12268297343779859,
    "seq_len": {
      "pos": {
        "mean": 8.222741433021806,
        "std": 3.2616401354190523,
        "min": 2.0,
        "max": 23.0,
        "25%": 6.0,
        "median": 8.0,
        "75%": 10.0
      },
      "neg": {
        "mean": 8.080996884735203,
        "std": 2.790609437515682,
        "min": 3.0,
        "max": 22.0,
        "25%": 6.0,
        "median": 8.0,
        "75%": 9.0
      }
    }
  },
  "pct_attention_positive": {
    "mean": 0.5603264919739056,
    "std": 0.06598030748376799,
    "min": 0.08506354525573073,
    "max": 0.9287416808317026,
    "25%": 0.525296422037059,
    "median": 0.5632992277088199,
    "75%": 0.5992850637910344
  },
  "pct_attention_negative": {
    "mean": 0.43967350802609434,
    "std": 0.065980307483768,
    "min": 0.07125831916829735,
    "max": 0.9149364547442693,
    "25%": 0.40071493620896564,
    "median": 0.43670077229118015,
    "75%": 0.474703577962941
  },
  "pct_of_total": {
    "positive": {
      "mean": 0.23609866559822534,
      "std": 0.3138886371514801,
      "min": 0.01800785744280526,
      "max": 6.365167207188076,
      "25%": 0.11238448855317669,
      "median": 0.1682209608455499,
      "75%": 0.27293659470699455
    },
    "negative": {
      "mean": 0.16935672708139618,
      "std": 0.14645500695994004,
      "min": 0.017624361647499934,
      "max": 2.6620587242974176,
      "25%": 0.09402147763305241,
      "median": 0.13050815959771475,
      "75%": 0.19821420422306768
    },
    "negative_with_original": {
      "mean": 0.28461637228991427,
      "std": 0.18697886917403395,
      "min": 0.034269760052363075,
      "max": 2.6620587242974176,
      "25%": 0.16632516034925826,
      "median": 0.23265870991680357,
      "75%": 0.34457683090179686
    }
  },
  "special_tokens": {
    "sum_in_positive": {
      "mean": 3118.8070971115176,
      "std": 277.27150440445865,
      "min": 748.21630859375,
      "max": 3717.335693359375,
      "25%": 3008.42236328125,
      "median": 3194.868896484375,
      "75%": 3297.20947265625
    },
    "sum_in_negative": {
      "mean": 3075.4369416443724,
      "std": 266.3493666903456,
      "min": 1120.32421875,
      "max": 3675.900390625,
      "25%": 2975.39306640625,
      "median": 3146.66943359375,
      "75%": 3251.06396484375
    },
    "pct_in_positive": {
      "mean": 0.6768611883426157,
      "std": 0.06066212658681474,
      "min": 0.16237333085801867,
      "max": 0.8067134751213921,
      "25%": 0.6535409026675754,
      "median": 0.6932748158772787,
      "75%": 0.7162337832980685
    },
    "pct_in_negative": {
      "mean": 0.6673207974729835,
      "std": 0.05870961200629845,
      "min": 0.24312591552734375,
      "max": 0.797721438937717,
      "25%": 0.6465915838877361,
      "median": 0.6828860706753201,
      "75%": 0.7059137026468914
    },
    "positive_is_greater": {
      "sum_in_positive": {
        "mean": 3050.6694986218604,
        "std": 342.19014632948324,
        "min": 748.21630859375,
        "max": 3666.08740234375,
        "25%": 2872.8034057617188,
        "median": 3144.5079345703125,
        "75%": 3266.862060546875
      },
      "sum_in_negative": {
        "mean": 3073.3159172081873,
        "std": 261.5210098047197,
        "min": 2104.4716796875,
        "max": 3605.8916015625,
        "25%": 2915.5427856445312,
        "median": 3158.720458984375,
        "75%": 3254.7772216796875
      }
    },
    "negative_is_greater": {
      "sum_in_positive": {
        "mean": 3128.335378146229,
        "std": 265.59372326590056,
        "min": 873.7869873046875,
        "max": 3717.335693359375,
        "25%": 3024.073486328125,
        "median": 3198.999755859375,
        "75%": 3302.2899169921875
      },
      "sum_in_negative": {
        "mean": 3075.7335431882693,
        "std": 267.0443029651345,
        "min": 1120.32421875,
        "max": 3675.900390625,
        "25%": 2980.4935302734375,
        "median": 3144.493408203125,
        "75%": 3250.27197265625
      }
    }
  },
  "describe_att_on_positive_tok": {
    "kurtosis": 159.3938348932679,
    "mean": 1087.9426512565249,
    "minmax": [
      82.98020709644663,
      29330.690490722656
    ],
    "nobs": 5233,
    "skewness": 10.684720014311628,
    "variance": 2092069.6044583642
  },
  "describe_att_on_negative_tok": {
    "kurtosis": 62.487048137094234,
    "mean": 780.3957985343824,
    "minmax": [
      81.21305847167969,
      12266.7666015625
    ],
    "nobs": 5233,
    "skewness": 5.700931757631586,
    "variance": 455442.32577857637
  },
  "describe_att_on_negative_tok_with_orig": {
    "kurtosis": 21.443606784633715,
    "mean": 1311.5122436899508,
    "minmax": [
      157.91505432128906,
      12266.7666015625
    ],
    "nobs": 5233,
    "skewness": 3.0565501834941515,
    "variance": 742352.198070959
  },
  "pearsonr": {
    "confidence_interval": [
      0.5067569523000441,
      0.54592657993537
    ],
    "correlation": 0.5266212190916741,
    "pvalue": 0.0,
    "statistic": 0.5266212190916741
  },
  "pearsonr_with_orig": {
    "confidence_interval": [
      0.5405115167221023,
      0.5777517951818203
    ],
    "correlation": 0.5594138885039744,
    "pvalue": 0.0,
    "statistic": 0.5594138885039744
  },
  "cov": 514047.3365192963,
  "cov_with_orig": 697150.1234165977,
  "pct_on_negative_tokens": 0.04172933242448938,
  "pct_on_positive_tokens": 0.05044095117078226,
  "pct_on_negative_tokens_with_orig": 0.07043701082921741,
  "cos_sim_full_att": {
    "mean": 0.22417340644477043,
    "std": 0.2224924976893569,
    "min": 0.09091860800981522,
    "max": 0.9936615824699402,
    "25%": 0.14604918658733368,
    "median": 0.1560891717672348,
    "75%": 0.17445997893810272
  },
  "euc_dist_full_att": {
    "mean": 5.458529981302755,
    "std": 1.4157310671609038,
    "min": 0.39170897006988525,
    "max": 6.527222156524658,
    "25%": 5.562651634216309,
    "median": 5.931545734405518,
    "75%": 6.047069072723389
  },
  "entropy": {
    "positive_tok": {
      "mean": 7.310136795043945,
      "std": 0.32809174060821533,
      "min": 6.616086959838867,
      "max": 9.22311782836914,
      "25%": 7.118524074554443,
      "median": 7.218632221221924,
      "75%": 7.346632480621338
    },
    "negative_tok": {
      "mean": 7.325530052185059,
      "std": 0.26306307315826416,
      "min": 6.630643844604492,
      "max": 9.019266128540039,
      "25%": 7.195279598236084,
      "median": 7.257744789123535,
      "75%": 7.330245494842529
    },
    "negative_tok_with_orig": {
      "mean": 7.806354999542236,
      "std": 0.27776700258255005,
      "min": 6.827228546142578,
      "max": 9.065256118774414,
      "25%": 7.7484917640686035,
      "median": 7.8508782386779785,
      "75%": 7.928800582885742
    },
    "positive_sent": {
      "mean": 9.212352752685547,
      "std": 0.14874570071697235,
      "min": 8.777524948120117,
      "max": 10.07314395904541,
      "25%": 9.110678672790527,