{
  "seq_len": {
    "pos": {
      "mean": 8.499713247944944,
      "std": 2.6404613700316526,
      "min": 3.0,
      "max": 28.0,
      "25%": 7.0,
      "median": 8.0,
      "75%": 10.0
    },
    "neg": {
      "mean": 9.35557254826993,
      "std": 2.668369897196314,
      "min": 3.0,
      "max": 26.0,
      "25%": 8.0,
      "median": 9.0,
      "75%": 10.0
    }
  },
  "positive_greater_negative": {
    "num_greater": 4986,
    "num_smaller": 245,
    "percentage": 0.9531638310074556,
    "seq_len": {
      "pos": {
        "mean": 8.456077015643803,
        "std": 2.5841458167238693,
        "min": 3.0,
        "max": 28.0,
        "25%": 7.0,
        "median": 8.0,
        "75%": 10.0
      },
      "neg": {
        "mean": 9.335740072202166,
        "std": 2.594646564797479,
        "min": 3.0,
        "max": 25.0,
        "25%": 8.0,
        "median": 9.0,
        "75%": 10.0
      }
    }
  },
  "positive_greater_negative_with_orig": {
    "num_greater": 969,
    "num_smaller": 4262,
    "percentage": 0.1852418275664309,
    "seq_len": {
      "pos": {
        "mean": 8.244582043343653,
        "std": 2.57271001755528,
        "min": 3.0,
        "max": 28.0,
        "25%": 6.0,
        "median": 8.0,
        "75%": 9.0
      },
      "neg": {
        "mean": 8.617131062951497,
        "std": 2.43912572916625,
        "min": 3.0,
        "max": 22.0,
        "25%": 7.0,
        "median": 8.0,
        "75%": 10.0
      }
    }
  },
  "pct_attention_positive": {
    "mean": 0.5607430968015618,
    "std": 0.038963406681354576,
    "min": 0.28689591938832126,
    "max": 0.7644021964618575,
    "25%": 0.5409778291251415,
    "median": 0.562164468186778,
    "75%": 0.5836487158317416
  },
  "pct_attention_negative": {
    "mean": 0.4392569031984382,
    "std": 0.038963406681354576,
    "min": 0.23559780353814253,
    "max": 0.7131040806116787,
    "25%": 0.41635128416825834,
    "median": 0.4378355318132221,
    "75%": 0.4590221708748585
  },
  "pct_of_total": {
    "positive": {
      "mean": 0.27342109111961715,
      "std": 0.4844943792486223,
      "min": 0.024853678141239188,
      "max": 5.396824306911892,
      "25%": 0.10369447101781398,
      "median": 0.14012011057800716,
      "75%": 0.20684339823546233
    },
    "negative": {
      "mean": 0.23388346122292777,
      "std": 0.47825823486972735,
      "min": 0.022203136373449256,
      "max": 5.295648574829102,
      "25%": 0.0837416210292298,
      "median": 0.10763552288214366,
      "75%": 0.14762066617424105
    },
    "negative_with_original": {
      "mean": 0.309775446795222,
      "std": 0.46574993438910994,
      "min": 0.02909309369081642,
      "max": 5.295648574829102,
      "25%": 0.14558695542691935,
      "median": 0.18889810774061414,
      "75%": 0.25102209813065
    }
  },
  "special_tokens": {
    "sum_in_positive": {
      "mean": 2666.144796276293,
      "std": 473.33049460507095,
      "min": 1687.4312744140625,
      "max": 4130.23193359375,
      "25%": 2386.1365966796875,
      "median": 2526.3203125,
      "75%": 2671.0174560546875
    },
    "sum_in_negative": {
      "mean": 2618.489968508613,
      "std": 465.1869144544702,
      "min": 1608.114013671875,
      "max": 4033.333984375,
      "25%": 2351.43505859375,
      "median": 2478.954345703125,
      "75%": 2615.3262939453125
    },
    "pct_in_positive": {
      "mean": 0.5797438157911025,
      "std": 0.10378756965278164,
      "min": 0.36619602309332955,
      "max": 0.8963176939222548,
      "25%": 0.5183306799994575,
      "median": 0.5486020512051053,
      "75%": 0.5807487169901531
    },
    "pct_in_negative": {
      "mean": 0.5691252444591692,
      "std": 0.10191896195425801,
      "min": 0.3489830758836534,
      "max": 0.8752894931369357,
      "25%": 0.510593334833781,
      "median": 0.5381297535366483,
      "75%": 0.5681535402933757
    },
    "positive_is_greater": {
      "sum_in_positive": {
        "mean": 2653.3371855398204,
        "std": 469.53427928276017,
        "min": 1848.829345703125,
        "max": 4046.91552734375,
        "25%": 2381.0634765625,
        "median": 2495.269775390625,
        "75%": 2644.15478515625
      },
      "sum_in_negative": {
        "mean": 2619.243318760481,
        "std": 451.41257353827245,
        "min": 1841.243896484375,
        "max": 3998.914794921875,
        "25%": 2378.289306640625,
        "median": 2475.73583984375,
        "75%": 2570.5966796875
      }
    },
    "negative_is_greater": {
      "sum_in_positive": {
        "mean": 2669.0567096511504,
        "std": 474.1958348184384,
        "min": 1687.4312744140625,
        "max": 4130.23193359375,
        "25%": 2387.8928833007812,
        "median": 2533.3778076171875,
        "75%": 2674.7777099609375
      },
      "sum_in_negative": {
        "mean": 2618.3186882659897,
        "std": 468.31370341007056,
        "min": 1608.114013671875,
        "max": 4033.333984375,
        "25%": 2346.0693969726562,
        "median": 2479.8233642578125,
        "75%": 2622.381591796875
      }
    }
  },
  "describe_att_on_positive_tok": {
    "kurtosis": 21.92655360785175,
    "mean": 1259.9243876911896,
    "minmax": [
      114.52574887483017,
      24868.56640625
    ],
    "nobs": 5231,
    "skewness": 4.365650556949269,
    "variance": 4984279.952360172
  },
  "describe_att_on_negative_tok": {
    "kurtosis": 21.370902080905818,
    "mean": 1077.7349890686291,
    "minmax": [
      102.31205240885417,
      24402.3486328125
    ],
    "nobs": 5231,
    "skewness": 4.393299282672917,
    "variance": 4856795.907025976
  },
  "describe_att_on_negative_tok_with_orig": {
    "kurtosis": 21.149754176923906,
    "mean": 1427.4452584791852,
    "minmax": [
      134.06097572728206,
      24402.3486328125
    ],
    "nobs": 5231,
    "skewness": 4.293878246332772,
    "variance": 4606070.122649763
  },
  "pearsonr": {
    "confidence_interval": [
      0.9926728531725432,
      0.9934232874481562
    ],
    "correlation": 0.9930581682158698,
    "pvalue": 0.0,
    "statistic": 0.9930581682158698
  },
  "pearsonr_with_orig": {
    "confidence_interval": [
      0.992465463583375,
      0.993237066270015
    ],
    "correlation": 0.9928616456213918,
    "pvalue": 0.0,
    "statistic": 0.9928616456213918
  },
  "cov": 4885970.3659590855,
  "cov_with_orig": 4757241.737954019,
  "pct_on_negative_tokens": 0.06546822315307747,
  "pct_on_positive_tokens": 0.07125998925994587,
  "pct_on_negative_tokens_with_orig": 0.08904447959274552,
  "cos_sim_full_att": {
    "mean": 0.725278219525387,
    "std": 0.10297803095841382,
    "min": 0.5577819347381592,
    "max": 0.997124969959259,
    "25%": 0.6788102686405182,
    "median": 0.6921126842498779,
    "75%": 0.7050136029720306
  },
  "euc_dist_full_att": {
    "mean": 2.2912600933024176,
    "std": 0.691617222499023,
    "min": 0.2469692826271057,
    "max": 3.0057477951049805,
    "25%": 2.4680705070495605,
    "median": 2.5339879989624023,
    "75%": 2.5996782779693604
  },
  "entropy": {
    "positive_tok": {
      "mean": 7.670307636260986,
      "std": 0.300889790058136,
      "min": 6.9156012535095215,
      "max": 9.433237075805664,
      "25%": 7.497246742248535,
      "median": 7.603278636932373,
      "75%": 7.7121241092681885
    },
    "negative_tok": {
      "mean": 7.610774517059326,
      "std": 0.31118151545524597,
      "min": 6.895198822021484,
      "max": 9.115158081054688,
      "25%": 7.438283443450928,
      "median": 7.52829122543335,
      "75%": 7.627299070358276
    },
    "negative_tok_with_orig": {
      "mean": 8.131192207336426,
      "std": 0.2837541401386261,
      "min": 6.991913795471191,
      "max": 9.399312019348145,
      "25%": 8.075169563293457,
      "median": 8.17821216583252,
      "75%": 8.253662586212158
    },
    "positive_sent": {
      "mean": 9.55780029296875,
      "std": 0.1297244429588318,
      "min": 9.075082778930664,
      "max": 10.103300094604492,
      "25%": 9.470869541168213,