{
  "seq_len": {
    "pos": {
      "mean": 6.518084739924216,
      "std": 1.8504381874519027,
      "min": 4.0,
      "max": 17.0,
      "25%": 5.0,
      "median": 6.0,
      "75%": 8.0
    },
    "neg": {
      "mean": 7.378918360316914,
      "std": 1.892637791460962,
      "min": 4.0,
      "max": 18.0,
      "25%": 6.0,
      "median": 7.0,
      "75%": 8.0
    }
  },
  "positive_greater_negative": {
    "num_greater": 1888,
    "num_smaller": 1015,
    "percentage": 0.6503616947984844,
    "seq_len": {
      "pos": {
        "mean": 5.810911016949152,
        "std": 1.3508707339436918,
        "min": 4.0,
        "max": 17.0,
        "25%": 5.0,
        "median": 6.0,
        "75%": 7.0
      },
      "neg": {
        "mean": 6.785487288135593,
        "std": 1.3708530665990366,
        "min": 4.0,
        "max": 18.0,
        "25%": 6.0,
        "median": 7.0,
        "75%": 8.0
      }
    }
  },
  "positive_greater_negative_with_orig": {
    "num_greater": 35,
    "num_smaller": 2868,
    "percentage": 0.012056493282810886,
    "seq_len": {
      "pos": {
        "mean": 4.0285714285714285,
        "std": 0.16903085094570333,
        "min": 4.0,
        "max": 5.0,
        "25%": 4.0,
        "median": 4.0,
        "75%": 4.0
      },
      "neg": {
        "mean": 5.0285714285714285,
        "std": 0.16903085094570333,
        "min": 5.0,
        "max": 6.0,
        "25%": 5.0,
        "median": 5.0,
        "75%": 5.0
      }
    }
  },
  "pct_attention_positive": {
    "mean": 0.544047984003777,
    "std": 0.08048772982499294,
    "min": 0.3411954270520254,
    "max": 0.7372971952236501,
    "25%": 0.4767803903582799,
    "median": 0.552394601428815,
    "75%": 0.6099737404830208
  },
  "pct_attention_negative": {
    "mean": 0.4559520159962231,
    "std": 0.08048772982499294,
    "min": 0.26270280477634983,
    "max": 0.6588045729479746,
    "25%": 0.3900262595169793,
    "median": 0.44760539857118486,
    "75%": 0.5232196096417201
  },
  "pct_of_total": {
    "positive": {
      "mean": 0.1798149734782156,
      "std": 0.10967806979575151,
      "min": 0.027873226006825767,
      "max": 1.169803500175476,
      "25%": 0.10338647450719561,
      "median": 0.15899143616358438,
      "75%": 0.22576715946197506
    },
    "negative": {
      "mean": 0.13617597678789417,
      "std": 0.05270969913533529,
      "min": 0.026617581645647686,
      "max": 0.7061169624328613,
      "25%": 0.0999540322356754,
      "median": 0.12760934659412929,
      "75%": 0.1604745239019394
    },
    "negative_with_original": {
      "mean": 0.2702089488283,
      "std": 0.11743719624159733,
      "min": 0.062320172786712646,
      "max": 1.4421485900878905,
      "25%": 0.1851201131939888,
      "median": 0.249884980065482,
      "75%": 0.3310120503107707
    }
  },
  "special_tokens": {
    "sum_in_positive": {
      "mean": 2766.5683230019995,
      "std": 164.9030621056148,
      "min": 706.9027099609375,
      "max": 3142.1328125,
      "25%": 2683.3385009765625,
      "median": 2791.240478515625,
      "75%": 2873.837890625
    },
    "sum_in_negative": {
      "mean": 2701.6712947980805,
      "std": 150.34800576761904,
      "min": 758.4237060546875,
      "max": 3124.612060546875,
      "25%": 2614.943603515625,
      "median": 2717.62353515625,
      "75%": 2802.8990478515625
    },
    "pct_in_positive": {
      "mean": 0.6003837507114844,
      "std": 0.03578625470537084,
      "min": 0.15340770615471733,
      "max": 0.6818864610460069,
      "25%": 0.5823217233022053,
      "median": 0.6057379510667589,
      "75%": 0.6236627366807725
    },
    "pct_in_negative": {
      "mean": 0.5863001941976015,
      "std": 0.03262760528939772,
      "min": 0.16458847787645128,
      "max": 0.6780842145284017,
      "25%": 0.5674790806240506,
      "median": 0.5897620519002279,
      "75%": 0.6082680225372314
    },
    "positive_is_greater": {
      "sum_in_positive": {
        "mean": 2362.223318917411,
        "std": 345.2427079862947,
        "min": 1189.1943359375,
        "max": 2854.535888671875,
        "25%": 2199.155029296875,
        "median": 2473.68115234375,
        "75%": 2571.8349609375
      },
      "sum_in_negative": {
        "mean": 2593.7270577566965,
        "std": 168.48045915308558,
        "min": 2075.565185546875,
        "max": 2878.5458984375,
        "25%": 2506.4290771484375,
        "median": 2647.82958984375,
        "75%": 2710.059814453125
      }
    },
    "negative_is_greater": {
      "sum_in_positive": {
        "mean": 2771.502798295919,
        "std": 155.21337164841313,
        "min": 706.9027099609375,
        "max": 3142.1328125,
        "25%": 2688.2322998046875,
        "median": 2793.4027099609375,
        "75%": 2874.9542846679688
      },
      "sum_in_negative": {
        "mean": 2702.988605919576,
        "std": 149.66584947970816,
        "min": 758.4237060546875,
        "max": 3124.612060546875,
        "25%": 2616.560302734375,
        "median": 2718.95166015625,
        "75%": 2803.54931640625
      }
    }
  },
  "describe_att_on_positive_tok": {
    "kurtosis": 7.288348743915067,
    "mean": 828.5873977581925,
    "minmax": [
      128.43982543945313,
      5390.454528808594
    ],
    "nobs": 2903,
    "skewness": 1.9795151322863875,
    "variance": 255425.66829892487
  },
  "describe_att_on_negative_tok": {
    "kurtosis": 9.45389501263483,
    "mean": 627.4989010503015,
    "minmax": [
      122.65381622314453,
      3253.7869628906246
    ],
    "nobs": 2903,
    "skewness": 1.8137047165565798,
    "variance": 58993.75162866249
  },
  "describe_att_on_negative_tok_with_orig": {
    "kurtosis": 6.944947383426138,
    "mean": 1245.1228361866845,
    "minmax": [
      287.1713562011719,
      6645.420703125
    ],
    "nobs": 2903,
    "skewness": 1.5570921520316428,
    "variance": 292843.97205575096
  },
  "pearsonr": {
    "confidence_interval": [
      0.7996250691333117,
      0.8243884773732504
    ],
    "correlation": 0.8123726991379754,
    "pvalue": 0.0,
    "statistic": 0.8123726991379754
  },
  "pearsonr_with_orig": {
    "confidence_interval": [
      0.9227864391575203,
      0.9328964560715142
    ],
    "correlation": 0.9280121080773208,
    "pvalue": 0.0,
    "statistic": 0.9280121080773208
  },
  "cov": 99721.91201002788,
  "cov_with_orig": 253807.26910901492,
  "pct_on_negative_tokens": 0.05138602566455788,
  "pct_on_positive_tokens": 0.05645187075752139,
  "pct_on_negative_tokens_with_orig": 0.10048303083934179,
  "cos_sim_full_att": {
    "mean": 0.3522555230559458,
    "std": 0.25285390204840325,
    "min": 0.20734603703022003,
    "max": 0.9902650117874146,
    "25%": 0.24236909300088882,
    "median": 0.2519810199737549,
    "75%": 0.26558391749858856
  },
  "euc_dist_full_att": {
    "mean": 4.57160570573856,
    "std": 1.5741042483948808,
    "min": 0.48569780588150024,
    "max": 5.634893417358398,
    "25%": 5.048969745635986,
    "median": 5.188665390014648,
    "75%": 5.290085554122925
  },
  "entropy": {
    "positive_tok": {
      "mean": 7.453752040863037,
      "std": 0.12228375673294067,
      "min": 7.079718589782715,
      "max": 8.198648452758789,
      "25%": 7.374252080917358,
      "median": 7.447470664978027,
      "75%": 7.522941827774048
    },
    "negative_tok": {
      "mean": 7.440524101257324,
      "std": 0.10096976161003113,
      "min": 7.019754409790039,
      "max": 8.178272247314453,
      "25%": 7.377843618392944,
      "median": 7.440677642822266,
      "75%": 7.500227212905884
    },
    "negative_tok_with_orig": {
      "mean": 8.098121643066406,
      "std": 0.09962952882051468,
      "min": 7.680749416351318,
      "max": 8.849745750427246,
      "25%": 8.037900924682617,
      "median": 8.098756790161133,
      "75%": 8.15493631362915
    },
    "positive_sent": {
      "mean": 9.336579322814941,
      "std": 0.09183314442634583,
      "min": 9.108052253723145,
      "max": 9.768775939941406,
      "25%": 9.270334243774414,