{
  "seq_len": {
    "pos": {
      "mean": 6.518084739924216,
      "std": 1.8504381874519027,
      "min": 4.0,
      "max": 17.0,
      "25%": 5.0,
      "median": 6.0,
      "75%": 8.0
    },
    "neg": {
      "mean": 7.378918360316914,
      "std": 1.892637791460962,
      "min": 4.0,
      "max": 18.0,
      "25%": 6.0,
      "median": 7.0,
      "75%": 8.0
    }
  },
  "positive_greater_negative": {
    "num_greater": 2062,
    "num_smaller": 841,
    "percentage": 0.710299689975887,
    "seq_len": {
      "pos": {
        "mean": 6.0155189136760425,
        "std": 1.5003644058028307,
        "min": 4.0,
        "max": 17.0,
        "25%": 5.0,
        "median": 6.0,
        "75%": 7.0
      },
      "neg": {
        "mean": 7.001939864209505,
        "std": 1.5123608826502928,
        "min": 4.0,
        "max": 18.0,
        "25%": 6.0,
        "median": 7.0,
        "75%": 8.0
      }
    }
  },
  "positive_greater_negative_with_orig": {
    "num_greater": 48,
    "num_smaller": 2855,
    "percentage": 0.0165346193592835,
    "seq_len": {
      "pos": {
        "mean": 4.0625,
        "std": 0.24462302739504083,
        "min": 4.0,
        "max": 5.0,
        "25%": 4.0,
        "median": 4.0,
        "75%": 4.0
      },
      "neg": {
        "mean": 5.0625,
        "std": 0.24462302739504083,
        "min": 5.0,
        "max": 6.0,
        "25%": 5.0,
        "median": 5.0,
        "75%": 5.0
      }
    }
  },
  "pct_attention_positive": {
    "mean": 0.5598496275805928,
    "std": 0.07684053934006362,
    "min": 0.3625547986675664,
    "max": 0.7624301567810975,
    "25%": 0.48897048176232044,
    "median": 0.5752383556281221,
    "75%": 0.6200247177763771
  },
  "pct_attention_negative": {
    "mean": 0.44015037241940724,
    "std": 0.07684053934006362,
    "min": 0.23756984321890254,
    "max": 0.6374452013324335,
    "25%": 0.3799752822236228,
    "median": 0.4247616443718778,
    "75%": 0.5110295182376796
  },
  "pct_of_total": {
    "positive": {
      "mean": 0.1398560046713979,
      "std": 0.093245926551344,
      "min": 0.01994693676630656,
      "max": 1.1910114288330078,
      "25%": 0.07945174723863602,
      "median": 0.12358091274897258,
      "75%": 0.17570121884346007
    },
    "negative": {
      "mean": 0.09973435240473437,
      "std": 0.046222755626078374,
      "min": 0.018770701355404325,
      "max": 0.7536268711090087,
      "25%": 0.06931060701608657,
      "median": 0.09075225251061575,
      "75%": 0.11739275852839152
    },
    "negative_with_original": {
      "mean": 0.20566723684794738,
      "std": 0.10132624053082907,
      "min": 0.04571358114480972,
      "max": 1.4901343345642089,
      "25%": 0.1349948909547594,
      "median": 0.1899785314287458,
      "75%": 0.2545430191925594
    }
  },
  "special_tokens": {
    "sum_in_positive": {
      "mean": 3240.286298362214,
      "std": 180.70598623104894,
      "min": 708.5457153320312,
      "max": 3501.728515625,
      "25%": 3189.062744140625,
      "median": 3270.13232421875,
      "75%": 3333.8770751953125
    },
    "sum_in_negative": {
      "mean": 3208.356528549904,
      "std": 147.94835987681844,
      "min": 823.321533203125,
      "max": 3502.7216796875,
      "25%": 3148.8443603515625,
      "median": 3230.858154296875,
      "75%": 3293.3798828125
    },
    "pct_in_positive": {
      "mean": 0.7031871305899235,
      "std": 0.03921570876704779,
      "min": 0.1537642611397637,
      "max": 0.7599237230088975,
      "25%": 0.6920709446835402,
      "median": 0.7096641328599718,
      "75%": 0.7234976291656494
    },
    "pct_in_negative": {
      "mean": 0.6962579273154132,
      "std": 0.03210684915864351,
      "min": 0.1786722077263726,
      "max": 0.7601392534044054,
      "25%": 0.6833429601457384,
      "median": 0.7011410925123427,
      "75%": 0.7147091759575738
    },
    "positive_is_greater": {
      "sum_in_positive": {
        "mean": 2752.9127883911133,
        "std": 485.8149963252677,
        "min": 930.81396484375,
        "max": 3244.60498046875,
        "25%": 2596.6144409179688,
        "median": 2791.7574462890625,
        "75%": 3068.0904541015625
      },
      "sum_in_negative": {
        "mean": 3062.570681254069,
        "std": 316.94758201471046,
        "min": 1596.3963623046875,
        "max": 3354.717529296875,
        "25%": 2953.6136474609375,
        "median": 3130.2464599609375,
        "75%": 3280.8958129882812
      }
    },
    "negative_is_greater": {
      "sum_in_positive": {
        "mean": 3248.480318845091,
        "std": 158.91821914709632,
        "min": 708.5457153320312,
        "max": 3501.728515625,
        "25%": 3194.36669921875,
        "median": 3273.487060546875,
        "75%": 3334.8182373046875
      },
      "sum_in_negative": {
        "mean": 3210.80756906486,
        "std": 142.2640977260344,
        "min": 823.321533203125,
        "max": 3502.7216796875,
        "25%": 3150.974609375,
        "median": 3231.587890625,
        "75%": 3293.6463623046875
      }
    }
  },
  "describe_att_on_positive_tok": {
    "kurtosis": 17.944427114017593,
    "mean": 644.4564696319869,
    "minmax": [
      91.91548461914063,
      5488.1806640625
    ],
    "nobs": 2903,
    "skewness": 2.9207130389619356,
    "variance": 184622.5216036584
  },
  "describe_att_on_negative_tok": {
    "kurtosis": 30.834568676773294,
    "mean": 459.57589581975043,
    "minmax": [
      86.49539184570312,
      3472.712622070312
    ],
    "nobs": 2903,
    "skewness": 3.2672299593164897,
    "variance": 45366.63912137984
  },
  "describe_att_on_negative_tok_with_orig": {
    "kurtosis": 22.041914393904364,
    "mean": 947.7146272241812,
    "minmax": [
      210.6481819152832,
      6866.539013671874
    ],
    "nobs": 2903,
    "skewness": 2.673868644434888,
    "variance": 218006.17737734804
  },
  "pearsonr": {
    "confidence_interval": [
      0.8271286097340206,
      0.8487786018105851
    ],
    "correlation": 0.8382837290683984,
    "pvalue": 0.0,
    "statistic": 0.8382837290683984
  },
  "pearsonr_with_orig": {
    "confidence_interval": [
      0.9236724830197929,
      0.9336704872122881
    ],
    "correlation": 0.9288404054020598,
    "pvalue": 0.0,
    "statistic": 0.9288404054020598
  },
  "cov": 76718.77845676157,
  "cov_with_orig": 186345.04040341292,
  "pct_on_negative_tokens": 0.037188061347930144,
  "pct_on_positive_tokens": 0.04366689668622197,
  "pct_on_negative_tokens_with_orig": 0.07583872179270164,
  "cos_sim_full_att": {
    "mean": 0.2806276836674089,
    "std": 0.28619502845719175,
    "min": 0.1346183866262436,
    "max": 0.9961077570915222,
    "25%": 0.158570796251297,
    "median": 0.1656097173690796,
    "75%": 0.1753581091761589
  },
  "euc_dist_full_att": {
    "mean": 5.202738412106977,
    "std": 1.9148179651105195,
    "min": 0.31771236658096313,
    "max": 6.28156852722168,
    "25%": 5.838177442550659,
    "median": 5.973133087158203,
    "75%": 6.0561606884002686
  },
  "entropy": {
    "positive_tok": {
      "mean": 7.2006049156188965,
      "std": 0.1499045491218567,
      "min": 6.854383945465088,
      "max": 8.198030471801758,
      "25%": 7.100201845169067,
      "median": 7.197950839996338,
      "75%": 7.273350238800049
    },
    "negative_tok": {
      "mean": 7.232424736022949,
      "std": 0.0973232239484787,
      "min": 6.862043380737305,
      "max": 8.181252479553223,
      "25%": 7.178789138793945,
      "median": 7.221184730529785,
      "75%": 7.267977237701416
    },
    "negative_tok_with_orig": {
      "mean": 7.875063896179199,
      "std": 0.10068212449550629,
      "min": 7.541210651397705,
      "max": 8.850834846496582,
      "25%": 7.82060694694519,
      "median": 7.864928722381592,
      "75%": 7.9146342277526855
    },
    "positive_sent": {
      "mean": 9.125412940979004,
      "std": 0.08700580149888992,
      "min": 8.948379516601562,
      "max": 9.780655860900879,
      "25%": 9.066061973571777,