{
  "seq_len": {
    "pos": {
      "mean": 8.566679403897593,
      "std": 2.7152677472117364,
      "min": 3.0,
      "max": 27.0,
      "25%": 7.0,
      "median": 8.0,
      "75%": 10.0
    },
    "neg": {
      "mean": 9.42472296522736,
      "std": 2.7454195771077394,
      "min": 3.0,
      "max": 26.0,
      "25%": 8.0,
      "median": 9.0,
      "75%": 11.0
    }
  },
  "positive_greater_negative": {
    "num_greater": 4904,
    "num_smaller": 330,
    "percentage": 0.9369507069163164,
    "seq_len": {
      "pos": {
        "mean": 8.565864600326265,
        "std": 2.689853186328305,
        "min": 3.0,
        "max": 27.0,
        "25%": 7.0,
        "median": 8.0,
        "75%": 10.0
      },
      "neg": {
        "mean": 9.44963295269168,
        "std": 2.7007057998077095,
        "min": 3.0,
        "max": 26.0,
        "25%": 8.0,
        "median": 9.0,
        "75%": 11.0
      }
    }
  },
  "positive_greater_negative_with_orig": {
    "num_greater": 827,
    "num_smaller": 4407,
    "percentage": 0.15800534963698892,
    "seq_len": {
      "pos": {
        "mean": 8.54292623941959,
        "std": 2.669717662090728,
        "min": 3.0,
        "max": 27.0,
        "25%": 7.0,
        "median": 8.0,
        "75%": 10.0
      },
      "neg": {
        "mean": 8.822249093107619,
        "std": 2.5461528251587624,
        "min": 3.0,
        "max": 23.0,
        "25%": 7.0,
        "median": 9.0,
        "75%": 10.0
      }
    }
  },
  "pct_attention_positive": {
    "mean": 0.5458597670078164,
    "std": 0.031219611865341498,
    "min": 0.32754789656218497,
    "max": 0.7293678038974019,
    "25%": 0.5334269614391047,
    "median": 0.5482222132376293,
    "75%": 0.5628733905562576
  },
  "pct_attention_negative": {
    "mean": 0.4541402329921837,
    "std": 0.031219611865341498,
    "min": 0.2706321961025981,
    "max": 0.672452103437815,
    "25%": 0.4371266094437425,
    "median": 0.4517777867623707,
    "75%": 0.4665730385608952
  },
  "pct_of_total": {
    "positive": {
      "mean": 0.2783395980768381,
      "std": 0.16336856071556144,
      "min": 0.0336281168460846,
      "max": 1.4773322939872742,
      "25%": 0.1792383094628652,
      "median": 0.23573662021330427,
      "75%": 0.33812350034713745
    },
    "negative": {
      "mean": 0.23141084763070474,
      "std": 0.14393462118597294,
      "min": 0.028315869088356316,
      "max": 1.6677517890930176,
      "25%": 0.15228885859251023,
      "median": 0.19121025999387106,
      "75%": 0.2664846169097083
    },
    "negative_with_original": {
      "mean": 0.36493856549484505,
      "std": 0.1852313463956339,
      "min": 0.036755030092440154,
      "max": 1.6677517890930176,
      "25%": 0.24809113822200085,
      "median": 0.33193655580602544,
      "75%": 0.43250765874981884
    }
  },
  "special_tokens": {
    "sum_in_positive": {
      "mean": 2598.3167910723455,
      "std": 205.73803004978265,
      "min": 1871.8612060546875,
      "max": 3382.69384765625,
      "25%": 2483.7713623046875,
      "median": 2615.6826171875,
      "75%": 2732.322998046875
    },
    "sum_in_negative": {
      "mean": 2538.5552805462185,
      "std": 190.85596719518972,
      "min": 1836.2503662109375,
      "max": 3507.658203125,
      "25%": 2432.4638671875,
      "median": 2545.3671875,
      "75%": 2656.6072998046875
    },
    "pct_in_positive": {
      "mean": 0.5640876322271751,
      "std": 0.0446104954656301,
      "min": 0.4062198797861735,
      "max": 0.7340915468004015,
      "25%": 0.5399060249328613,
      "median": 0.5675500233968099,
      "75%": 0.5927384429507785
    },
    "pct_in_negative": {
      "mean": 0.5514049097140445,
      "std": 0.04162419937219351,
      "min": 0.4005273183186849,
      "max": 0.7612105475531684,
      "25%": 0.5288396411471896,
      "median": 0.552703751458062,
      "75%": 0.5763415230645074
    },
    "positive_is_greater": {
      "sum_in_positive": {
        "mean": 2567.907155859139,
        "std": 215.40629229751002,
        "min": 1937.40234375,
        "max": 3352.13671875,
        "25%": 2443.03369140625,
        "median": 2581.755859375,
        "75%": 2717.2952880859375
      },
      "sum_in_negative": {
        "mean": 2598.816511640814,
        "std": 215.98253329349166,
        "min": 1906.7196044921875,
        "max": 3459.194580078125,
        "25%": 2467.080322265625,
        "median": 2608.760986328125,
        "75%": 2749.6534423828125
      }
    },
    "negative_is_greater": {
      "sum_in_positive": {
        "mean": 2604.0233416331175,
        "std": 203.39189698860446,
        "min": 1871.8612060546875,
        "max": 3382.69384765625,
        "25%": 2492.2529296875,
        "median": 2620.931640625,
        "75%": 2734.111328125
      },
      "sum_in_negative": {
        "mean": 2527.246898854539,
        "std": 183.59827665182664,
        "min": 1836.2503662109375,
        "max": 3507.658203125,
        "25%": 2426.5711669921875,
        "median": 2535.6357421875,
        "75%": 2640.5782470703125
      }
    }
  },
  "describe_att_on_positive_tok": {
    "kurtosis": 8.50119193583994,
    "mean": 1282.5888679959226,
    "minmax": [
      154.95836242675782,
      6807.547210693359
    ],
    "nobs": 5234,
    "skewness": 2.2965337685882155,
    "variance": 566711.3448167491
  },
  "describe_att_on_negative_tok": {
    "kurtosis": 12.611968103359638,
    "mean": 1066.3411862477321,
    "minmax": [
      130.4795247591459,
      7685.000244140625
    ],
    "nobs": 5234,
    "skewness": 2.845283452601827,
    "variance": 439901.53855184134
  },
  "describe_att_on_negative_tok_with_orig": {
    "kurtosis": 5.609729779511795,
    "mean": 1681.6369100936565,
    "minmax": [
      169.36717866596422,
      7685.000244140625
    ],
    "nobs": 5234,
    "skewness": 1.7815682259901562,
    "variance": 728540.8504499854
  },
  "pearsonr": {
    "confidence_interval": [
      0.9364082687055129,
      0.9427539572311293
    ],
    "correlation": 0.9396618866366122,
    "pvalue": 0.0,
    "statistic": 0.9396618866366122
  },
  "pearsonr_with_orig": {
    "confidence_interval": [
      0.8998710300197079,
      0.9096926590692248
    ],
    "correlation": 0.9049022384861267,
    "pvalue": 0.0,
    "statistic": 0.9049022384861267
  },
  "cov": 469170.07710798836,
  "cov_with_orig": 581446.2448949952,
  "pct_on_negative_tokens": 0.07190244434803847,
  "pct_on_positive_tokens": 0.07759211695626228,
  "pct_on_negative_tokens_with_orig": 0.11426952489431216,
  "cos_sim_full_att": {
    "mean": 0.4282375098294004,
    "std": 0.21297597842292454,
    "min": 0.2439344972372055,
    "max": 0.9906461238861084,
    "25%": 0.33307795971632004,
    "median": 0.34761740267276764,
    "75%": 0.37362758815288544
  },
  "euc_dist_full_att": {
    "mean": 3.5998044102803233,
    "std": 1.1368528979017083,
    "min": 0.3981134593486786,
    "max": 4.605480670928955,
    "25%": 3.86125385761261,
    "median": 4.027113199234009,
    "75%": 4.133986830711365
  },
  "entropy": {
    "positive_tok": {
      "mean": 7.9070143699646,
      "std": 0.2413886934518814,
      "min": 7.2631635665893555,
      "max": 9.559938430786133,
      "25%": 7.8069247007369995,
      "median": 7.873726844787598,
      "75%": 7.924318552017212
    },
    "negative_tok": {
      "mean": 7.886900901794434,
      "std": 0.23802900314331055,
      "min": 7.267464637756348,
      "max": 9.452622413635254,
      "25%": 7.780709862709045,
      "median": 7.844576358795166,
      "75%": 7.899435520172119
    },
    "negative_tok_with_orig": {
      "mean": 8.409536361694336,
      "std": 0.31482407450675964,
      "min": 7.425402641296387,
      "max": 9.571615219116211,
      "25%": 8.405526161193848,
      "median": 8.505781173706055,
      "75%": 8.558713674545288
    },
    "positive_sent": {
      "mean": 9.76284408569336,
      "std": 0.13860704004764557,
      "min": 9.26656436920166,
      "max": 10.2612886428833,
      "25%": 9.670155763626099,