{
  "seq_len": {
    "pos": {
      "mean": 14.039800995024876,
      "std": 3.43779114551757,
      "min": 8.0,
      "max": 27.0,
      "25%": 12.0,
      "median": 13.0,
      "75%": 16.0
    },
    "neg": {
      "mean": 15.024875621890548,
      "std": 3.4226273693542417,
      "min": 9.0,
      "max": 28.0,
      "25%": 13.0,
      "median": 14.0,
      "75%": 17.0
    }
  },
  "positive_greater_negative": {
    "num_greater": 199,
    "num_smaller": 2,
    "percentage": 0.9900497512437811,
    "seq_len": {
      "pos": {
        "mean": 13.959798994974875,
        "std": 3.346699257326371,
        "min": 8.0,
        "max": 27.0,
        "25%": 12.0,
        "median": 13.0,
        "75%": 16.0
      },
      "neg": {
        "mean": 14.944723618090451,
        "std": 3.3305988479331328,
        "min": 9.0,
        "max": 28.0,
        "25%": 13.0,
        "median": 14.0,
        "75%": 17.0
      }
    }
  },
  "positive_greater_negative_with_orig": {
    "num_greater": 4,
    "num_smaller": 197,
    "percentage": 0.01990049751243781,
    "seq_len": {
      "pos": {
        "mean": 10.0,
        "std": 1.4142135623730951,
        "min": 9.0,
        "max": 12.0,
        "25%": 9.0,
        "median": 9.5,
        "75%": 10.5
      },
      "neg": {
        "mean": 11.0,
        "std": 1.4142135623730951,
        "min": 10.0,
        "max": 13.0,
        "25%": 10.0,
        "median": 10.5,
        "75%": 11.5
      }
    }
  },
  "pct_attention_positive": {
    "mean": 0.5527808774518662,
    "std": 0.02999035846794167,
    "min": 0.4917696936960001,
    "max": 0.6471926188514733,
    "25%": 0.533171107794575,
    "median": 0.5480072369233044,
    "75%": 0.5699524707560276
  },
  "pct_attention_negative": {
    "mean": 0.44721912254813384,
    "std": 0.029990358467941673,
    "min": 0.3528073811485267,
    "max": 0.5082303063039999,
    "25%": 0.4300475292439723,
    "median": 0.45199276307669556,
    "75%": 0.46682889220542506
  },
  "pct_of_total": {
    "positive": {
      "mean": 0.06920061691800974,
      "std": 0.034458739201140454,
      "min": 0.017176052915706556,
      "max": 0.2428366012043423,
      "25%": 0.043971302852131966,
      "median": 0.06297529253185304,
      "75%": 0.08363867926801372
    },
    "negative": {
      "mean": 0.05426388627499157,
      "std": 0.023174128232524023,
      "min": 0.016382099853621587,
      "max": 0.16695108825777782,
      "25%": 0.037987577418486275,
      "median": 0.051945280315529585,
      "75%": 0.06524525582790375
    },
    "negative_with_original": {
      "mean": 0.10002131294192851,
      "std": 0.038611440326134956,
      "min": 0.03152588340971205,
      "max": 0.302832262015637,
      "25%": 0.07075047658549415,
      "median": 0.09650017155541314,
      "75%": 0.122717867549668
    }
  },
  "special_tokens": {
    "sum_in_positive": {
      "mean": 2114.600438967273,
      "std": 177.95413201448736,
      "min": 1652.38134765625,
      "max": 2932.80029296875,
      "25%": 1994.23291015625,
      "median": 2113.947265625,
      "75%": 2223.64599609375
    },
    "sum_in_negative": {
      "mean": 2104.8497903548664,
      "std": 168.19286623288926,
      "min": 1608.4307861328125,
      "max": 2920.3212890625,
      "25%": 2011.77978515625,
      "median": 2109.70068359375,
      "75%": 2199.37255859375
    },
    "pct_in_positive": {
      "mean": 0.45889766514876607,
      "std": 0.038618517807528195,
      "min": 0.3585897021823459,
      "max": 0.6364583969116211,
      "25%": 0.43277623918321395,
      "median": 0.45875591701931423,
      "75%": 0.4825620651245117
    },
    "pct_in_negative": {
      "mean": 0.45678163958133916,
      "std": 0.03650018923367603,
      "min": 0.3490518199072944,
      "max": 0.6337502797444662,
      "25%": 0.4365841547648112,
      "median": 0.457834349738227,
      "75%": 0.4772943920559353
    },
    "positive_is_greater": {
      "sum_in_positive": {
        "mean": 2104.455108642578,
        "std": 66.2997837067179,
        "min": 2027.2855224609375,
        "max": 2171.45068359375,
        "25%": 2061.4637145996094,
        "median": 2109.5421142578125,
        "75%": 2152.5335083007812
      },
      "sum_in_negative": {
        "mean": 2233.3311157226562,
        "std": 95.4342933148905,
        "min": 2113.302490234375,
        "max": 2342.381591796875,
        "25%": 2190.97509765625,
        "median": 2238.8201904296875,
        "75%": 2281.1762084960938
      }
    },
    "negative_is_greater": {
      "sum_in_positive": {
        "mean": 2114.806435522089,
        "std": 179.56761511073634,
        "min": 1652.38134765625,
        "max": 2932.80029296875,
        "25%": 1987.125732421875,
        "median": 2113.947265625,
        "75%": 2228.91650390625
      },
      "sum_in_negative": {
        "mean": 2102.241032479378,
        "std": 168.47264700705804,
        "min": 1608.4307861328125,
        "max": 2920.3212890625,
        "25%": 2006.355712890625,
        "median": 2105.48779296875,
        "75%": 2196.322998046875
      }
    }
  },
  "describe_att_on_positive_tok": {
    "kurtosis": 3.5222085959027885,
    "mean": 318.87644270888666,
    "minmax": [
      79.14725183557582,
      1118.9910583496094
    ],
    "nobs": 201,
    "skewness": 1.4954455018860764,
    "variance": 25212.952718562945
  },
  "describe_att_on_negative_tok": {
    "kurtosis": 4.945769969584469,
    "mean": 250.04798735270606,
    "minmax": [
      75.48871612548828,
      769.3106146918402
    ],
    "nobs": 201,
    "skewness": 1.6251177112290836,
    "variance": 11403.331503061921
  },
  "describe_att_on_negative_tok_with_orig": {
    "kurtosis": 3.5220460190377088,
    "mean": 460.89820894858593,
    "minmax": [
      145.27127075195312,
      1395.4510633680554
    ],
    "nobs": 201,
    "skewness": 1.201872206544109,
    "variance": 31656.06600944283
  },
  "pearsonr": {
    "confidence_interval": [
      0.937551280892155,
      0.9637434857414506
    ],
    "correlation": 0.9523734949436921,
    "pvalue": 1.348637465216428e-104,
    "statistic": 0.9523734949436921
  },
  "pearsonr_with_orig": {
    "confidence_interval": [
      0.9173284671654145,
      0.9517914745511437
    ],
    "correlation": 0.9367939894739621,
    "pvalue": 1.0478106956177668e-92,
    "statistic": 0.9367939894739621
  },
  "cov": 16148.605674822711,
  "cov_with_orig": 26465.763161454244,
  "pct_on_negative_tokens": 0.026910009116939314,
  "pct_on_positive_tokens": 0.03147436362099687,
  "pct_on_negative_tokens_with_orig": 0.049745554700617374,
  "cos_sim_full_att": {
    "mean": 0.6919757860216929,
    "std": 0.04005745449631302,
    "min": 0.6315619945526123,
    "max": 0.9858718514442444,
    "25%": 0.6775461435317993,
    "median": 0.690159261226654,
    "75%": 0.6982810497283936
  },
  "euc_dist_full_att": {
    "mean": 2.413348409222133,
    "std": 0.25643850494593234,
    "min": 0.4993622601032257,
    "max": 2.7253503799438477,
    "25%": 2.367340326309204,
    "median": 2.4267477989196777,
    "75%": 2.5078413486480713
  },
  "entropy": {
    "positive_tok": {
      "mean": 7.462497234344482,
      "std": 0.16696523129940033,
      "min": 6.965776443481445,
      "max": 7.805830001831055,
      "25%": 7.3728766441345215,
      "median": 7.4559807777404785,
      "75%": 7.58638334274292
    },
    "negative_tok": {
      "mean": 7.40637731552124,
      "std": 0.16976086795330048,
      "min": 6.952159404754639,
      "max": 8.234273910522461,
      "25%": 7.315430164337158,
      "median": 7.415405750274658,
      "75%": 7.504404067993164
    },
    "negative_tok_with_orig": {
      "mean": 8.059853553771973,
      "std": 0.14216944575309753,
      "min": 7.698852062225342,
      "max": 8.436092376708984,
      "25%": 7.9693756103515625,
      "median": 8.066847801208496,
      "75%": 8.161446571350098
    },
    "positive_sent": {
      "mean": 9.783674240112305,
      "std": 0.11233342438936234,
      "min": 9.479347229003906,