{
  "seq_len": {
    "pos": {
      "mean": 7.0375473647950395,
      "std": 1.376041343314384,
      "min": 5.0,
      "max": 16.0,
      "25%": 6.0,
      "median": 7.0,
      "75%": 8.0
    },
    "neg": {
      "mean": 7.898380985187737,
      "std": 1.4255015187005236,
      "min": 5.0,
      "max": 17.0,
      "25%": 7.0,
      "median": 8.0,
      "75%": 9.0
    }
  },
  "positive_greater_negative": {
    "num_greater": 2809,
    "num_smaller": 94,
    "percentage": 0.9676197037547365,
    "seq_len": {
      "pos": {
        "mean": 7.040939836240655,
        "std": 1.3862742807073003,
        "min": 5.0,
        "max": 16.0,
        "25%": 6.0,
        "median": 7.0,
        "75%": 8.0
      },
      "neg": {
        "mean": 7.93058027767889,
        "std": 1.425932887290049,
        "min": 5.0,
        "max": 17.0,
        "25%": 7.0,
        "median": 8.0,
        "75%": 9.0
      }
    }
  },
  "positive_greater_negative_with_orig": {},
  "pct_attention_positive": {
    "mean": 0.5587415188636798,
    "std": 0.02725952662406481,
    "min": 0.46106666361728865,
    "max": 0.6337695654553099,
    "25%": 0.5434090958800972,
    "median": 0.56193059260392,
    "75%": 0.5781630362256318
  },
  "pct_attention_negative": {
    "mean": 0.44125848113632016,
    "std": 0.02725952662406481,
    "min": 0.36623043454469006,
    "max": 0.5389333363827113,
    "25%": 0.4218369637743682,
    "median": 0.4380694073960799,
    "75%": 0.4565909041199028
  },
  "pct_of_total": {
    "positive": {
      "mean": 0.11325795392107056,
      "std": 0.03152177367057738,
      "min": 0.024310328480270173,
      "max": 0.24223962492412993,
      "25%": 0.09068963661908158,
      "median": 0.11159266933562265,
      "75%": 0.13239156234043614
    },
    "negative": {
      "mean": 0.08894636212723497,
      "std": 0.023903026477258626,
      "min": 0.021803427073690627,
      "max": 0.21236669752332898,
      "25%": 0.07244410724551589,
      "median": 0.08609554088777965,
      "75%": 0.10154824408273849
    },
    "negative_with_original": {
      "mean": 0.17069346406831665,
      "std": 0.044843930106166045,
      "min": 0.04916949735747443,
      "max": 0.4223126490910848,
      "25%": 0.14036406075328955,
      "median": 0.16440126051505408,
      "75%": 0.19091285410381498
    }
  },
  "special_tokens": {
    "sum_in_positive": {
      "mean": 2227.4906306094317,
      "std": 154.51015275180842,
      "min": 1721.6087646484375,
      "max": 3634.06787109375,
      "25%": 2151.6771240234375,
      "median": 2230.288330078125,
      "75%": 2299.4749755859375
    },
    "sum_in_negative": {
      "mean": 2186.4570899513974,
      "std": 142.09546074483086,
      "min": 1689.743408203125,
      "max": 3511.27587890625,
      "25%": 2115.7314453125,
      "median": 2195.54931640625,
      "75%": 2255.12353515625
    },
    "pct_in_positive": {
      "mean": 0.4833964044654443,
      "std": 0.03353084928061061,
      "min": 0.37361301316155326,
      "max": 0.7886432011922201,
      "25%": 0.4669438203175863,
      "median": 0.48400354385375977,
      "75%": 0.49901800685458714
    },
    "pct_in_negative": {
      "mean": 0.4744915561317176,
      "std": 0.030836688496149504,
      "min": 0.3666977882385254,
      "max": 0.7619956334431967,
      "25%": 0.4591431087917752,
      "median": 0.4764646954006619,
      "75%": 0.48939312828911674
    },
    "positive_is_greater": {},
    "negative_is_greater": {
      "sum_in_positive": {
        "mean": 2227.4906306094317,
        "std": 154.51015275180842,
        "min": 1721.6087646484375,
        "max": 3634.06787109375,
        "25%": 2151.6771240234375,
        "median": 2230.288330078125,
        "75%": 2299.4749755859375
      },
      "sum_in_negative": {
        "mean": 2186.4570899513974,
        "std": 142.09546074483086,
        "min": 1689.743408203125,
        "max": 3511.27587890625,
        "25%": 2115.7314453125,
        "median": 2195.54931640625,
        "75%": 2255.12353515625
      }
    }
  },
  "describe_att_on_positive_tok": {
    "kurtosis": 0.38869934934646144,
    "mean": 521.8926514295013,
    "minmax": [
      112.02199363708496,
      1116.2401916503907
    ],
    "nobs": 2903,
    "skewness": 0.4716510005135053,
    "variance": 21098.24028168538
  },
  "describe_att_on_negative_tok": {
    "kurtosis": 1.6426817032608216,
    "mean": 409.8648365264161,
    "minmax": [
      100.4701919555664,
      978.5857421874999
    ],
    "nobs": 2903,
    "skewness": 0.8622843335315579,
    "variance": 12131.953157796726
  },
  "describe_att_on_negative_tok_with_orig": {
    "kurtosis": 2.2080597242145767,
    "mean": 786.5554821293854,
    "minmax": [
      226.5730438232422,
      1946.0166870117187
    ],
    "nobs": 2903,
    "skewness": 1.069308173401909,
    "variance": 42700.43247994949
  },
  "pearsonr": {
    "confidence_interval": [
      0.8912392400776662,
      0.9052764222994372
    ],
    "correlation": 0.8984872448350659,
    "pvalue": 0.0,
    "statistic": 0.8984872448350659
  },
  "pearsonr_with_orig": {
    "confidence_interval": [
      0.7790815069192899,
      0.8061102620383677
    ],
    "correlation": 0.7929857535854278,
    "pvalue": 0.0,
    "statistic": 0.7929857535854278
  },
  "cov": 14374.753151663464,
  "cov_with_orig": 23801.51705738916,
  "pct_on_negative_tokens": 0.0395998319401854,
  "pct_on_positive_tokens": 0.04466772535166009,
  "pct_on_negative_tokens_with_orig": 0.07615205182676753,
  "cos_sim_full_att": {
    "mean": 0.6683649865873839,
    "std": 0.12879680692143056,
    "min": 0.5702325105667114,
    "max": 0.9928886890411377,
    "25%": 0.6109235882759094,
    "median": 0.6196755170822144,
    "75%": 0.6273185014724731
  },
  "euc_dist_full_att": {
    "mean": 2.744648723121023,
    "std": 0.9018638622242116,
    "min": 0.4085797071456909,
    "max": 3.350370168685913,
    "25%": 3.023305892944336,
    "median": 3.096210241317749,
    "75%": 3.1487127542495728
  },
  "entropy": {
    "positive_tok": {
      "mean": 7.372777938842773,
      "std": 0.08687050640583038,
      "min": 6.972599506378174,
      "max": 7.652065753936768,
      "25%": 7.3207175731658936,
      "median": 7.378741264343262,
      "75%": 7.430395126342773
    },
    "negative_tok": {
      "mean": 7.348135471343994,
      "std": 0.07779626548290253,
      "min": 6.985707759857178,
      "max": 7.671802997589111,
      "25%": 7.301794528961182,
      "median": 7.353082656860352,
      "75%": 7.400527238845825
    },
    "negative_tok_with_orig": {
      "mean": 8.041415214538574,
      "std": 0.06560195982456207,
      "min": 7.7306718826293945,
      "max": 8.271230697631836,
      "25%": 8.002720355987549,
      "median": 8.045185089111328,
      "75%": 8.083685398101807
    },
    "positive_sent": {
      "mean": 9.374520301818848,
      "std": 0.08276505023241043,
      "min": 9.14256477355957,
      "max": 9.76221752166748,
      "25%": 9.313591480255127,
      "median": 9.370124816894531,
      "75%": 9.430194854736328
    },
    "negative_sent": {
      "mean": 9.40538501739502,
      "std": 0.07804947346448898,
      "min": 9.185577392578125,
      "max": 9.784807205200195,
      "25%": 9.349348545074463,
      "median": 9.397370338439941,
      "75%": 9.454843044281006
    }
  },
  "att_negative_equals_att_negative_with_original": false,
  "pooler_outputs": {
    "cos_sim": {
      "mean": 0.9902028441429138,
      "std": 0.00618739565834403,
      "min": 0.9374907612800598,
      "max": 0.9985308647155762,
      "25%": 0.9879587590694427,
      "median": 0.9919228553771973,
      "75%": 0.9942735433578491
    },
    "euc_dist": {
      "mean": 1.4280426502227783,
      "std": 0.4108281433582306,
      "min": 0.5790615677833557,
      "max": 3.7455008029937744,
      "25%": 1.1390540599822998,
      "median": 1.3501805067062378,
      "75%": 1.6542561650276184
    }
  }
}