{
  "seq_len": {
    "pos": {
      "mean": 7.109886324491905,
      "std": 1.5968553546266986,
      "min": 5.0,
      "max": 14.0,
      "25%": 6.0,
      "median": 7.0,
      "75%": 8.0
    },
    "neg": {
      "mean": 7.9707199448846024,
      "std": 1.6399256168221705,
      "min": 5.0,
      "max": 15.0,
      "25%": 7.0,
      "median": 8.0,
      "75%": 9.0
    }
  },
  "positive_greater_negative": {
    "num_greater": 2597,
    "num_smaller": 306,
    "percentage": 0.8945918015845676,
    "seq_len": {
      "pos": {
        "mean": 7.120908740854833,
        "std": 1.6279571475730557,
        "min": 5.0,
        "max": 14.0,
        "25%": 6.0,
        "median": 7.0,
        "75%": 8.0
      },
      "neg": {
        "mean": 8.08317289179823,
        "std": 1.6392755849818414,
        "min": 5.0,
        "max": 15.0,
        "25%": 7.0,
        "median": 8.0,
        "75%": 9.0
      }
    }
  },
  "positive_greater_negative_with_orig": {},
  "pct_attention_positive": {
    "mean": 0.5654175273161157,
    "std": 0.0343328042470673,
    "min": 0.4655491429651801,
    "max": 0.6469022521903297,
    "25%": 0.5556625630675229,
    "median": 0.5731986149634098,
    "75%": 0.5865285444288383
  },
  "pct_attention_negative": {
    "mean": 0.4345824726838843,
    "std": 0.0343328042470673,
    "min": 0.35309774780967035,
    "max": 0.53445085703482,
    "25%": 0.4134714555711617,
    "median": 0.42680138503659015,
    "75%": 0.44433743693247696
  },
  "pct_of_total": {
    "positive": {
      "mean": 0.18115003686437586,
      "std": 0.06582741481110452,
      "min": 0.03522801257315136,
      "max": 0.41073016325632733,
      "25%": 0.13083501408497494,
      "median": 0.17672113009861537,
      "75%": 0.22465497255325317
    },
    "negative": {
      "mean": 0.13749944961631616,
      "std": 0.04702174757395255,
      "min": 0.03139505783716837,
      "max": 0.3594535191853841,
      "25%": 0.1027866922042988,
      "median": 0.13226895105271114,
      "75%": 0.16512916911216008
    },
    "negative_with_original": {
      "mean": 0.2592566349727137,
      "std": 0.08980847782214824,
      "min": 0.06154672304789225,
      "max": 0.6616577307383219,
      "25%": 0.19213153808205216,
      "median": 0.25127877791722614,
      "75%": 0.3128043432084341
    }
  },
  "special_tokens": {
    "sum_in_positive": {
      "mean": 2688.795989853573,
      "std": 138.4176283518449,
      "min": 2246.04345703125,
      "max": 3061.971923828125,
      "25%": 2604.88525390625,
      "median": 2699.767822265625,
      "75%": 2784.148681640625
    },
    "sum_in_negative": {
      "mean": 2631.255405910911,
      "std": 120.54497729658343,
      "min": 2232.866943359375,
      "max": 3012.337158203125,
      "25%": 2545.904296875,
      "median": 2640.26025390625,
      "75%": 2721.25830078125
    },
    "pct_in_positive": {
      "mean": 0.583506074244964,
      "std": 0.0300385477129242,
      "min": 0.4874226252237956,
      "max": 0.6644904348585341,
      "25%": 0.5652962790595161,
      "median": 0.5858871142069498,
      "75%": 0.6041989326477051
    },
    "pct_in_negative": {
      "mean": 0.5710189686035372,
      "std": 0.02615993419391025,
      "min": 0.48456313874986434,
      "max": 0.6537190013461642,
      "25%": 0.552496592203776,
      "median": 0.5729731453789605,
      "75%": 0.5905508465237088
    },
    "positive_is_greater": {},
    "negative_is_greater": {
      "sum_in_positive": {
        "mean": 2688.795989853573,
        "std": 138.4176283518449,
        "min": 2246.04345703125,
        "max": 3061.971923828125,
        "25%": 2604.88525390625,
        "median": 2699.767822265625,
        "75%": 2784.148681640625
      },
      "sum_in_negative": {
        "mean": 2631.255405910911,
        "std": 120.54497729658343,
        "min": 2232.866943359375,
        "max": 3012.337158203125,
        "25%": 2545.904296875,
        "median": 2640.26025390625,
        "75%": 2721.25830078125
      }
    }
  },
  "describe_att_on_positive_tok": {
    "kurtosis": -0.42361708744252446,
    "mean": 834.7393698007264,
    "minmax": [
      162.33068193708147,
      1892.6445922851562
    ],
    "nobs": 2903,
    "skewness": 0.3651814185643474,
    "variance": 92010.743538099
  },
  "describe_att_on_negative_tok": {
    "kurtosis": 0.5135225882600754,
    "mean": 633.597463556612,
    "minmax": [
      144.66842651367188,
      1656.36181640625
    ],
    "nobs": 2903,
    "skewness": 0.61970962647856,
    "variance": 46948.58124150735
  },
  "describe_att_on_negative_tok_with_orig": {
    "kurtosis": 0.7527393914538361,
    "mean": 1194.6545734491792,
    "minmax": [
      283.6072998046875,
      3048.9188232421875
    ],
    "nobs": 2903,
    "skewness": 0.6904793688981888,
    "variance": 171261.44828879737
  },
  "pearsonr": {
    "confidence_interval": [
      0.891282896173219,
      0.9053147260217239
    ],
    "correlation": 0.8985281477085132,
    "pvalue": 0.0,
    "statistic": 0.8985281477085132
  },
  "pearsonr_with_orig": {
    "confidence_interval": [
      0.8191044232405491,
      0.841672263877887
    ],
    "correlation": 0.8307293612907012,
    "pvalue": 0.0,
    "statistic": 0.8307293612907012
  },
  "cov": 59055.750498759735,
  "cov_with_orig": 104281.82829855484,
  "pct_on_negative_tokens": 0.06853581183096405,
  "pct_on_positive_tokens": 0.07971344830093087,
  "pct_on_negative_tokens_with_orig": 0.12904083346665354,
  "cos_sim_full_att": {
    "mean": 0.4433944817456631,
    "std": 0.21955717357146767,
    "min": 0.30330950021743774,
    "max": 0.992422342300415,
    "25%": 0.3429936617612839,
    "median": 0.35734161734580994,
    "75%": 0.3779903054237366
  },
  "euc_dist_full_att": {
    "mean": 3.617283572606124,
    "std": 1.2467639915539441,
    "min": 0.41809922456741333,
    "max": 4.542235374450684,
    "25%": 3.946844458580017,
    "median": 4.0938496589660645,
    "75%": 4.204711198806763
  },
  "entropy": {
    "positive_tok": {
      "mean": 7.872680187225342,
      "std": 0.07598859071731567,
      "min": 7.53427791595459,
      "max": 8.015594482421875,
      "25%": 7.831294536590576,
      "median": 7.885883331298828,
      "75%": 7.930426120758057
    },
    "negative_tok": {
      "mean": 7.847372531890869,
      "std": 0.07164180278778076,
      "min": 7.552878379821777,
      "max": 8.011393547058105,
      "25%": 7.802950620651245,
      "median": 7.856441974639893,
      "75%": 7.90268087387085
    },
    "negative_tok_with_orig": {
      "mean": 8.51723575592041,
      "std": 0.06815368682146072,
      "min": 8.258824348449707,
      "max": 8.675549507141113,
      "25%": 8.47471284866333,
      "median": 8.524906158447266,
      "75%": 8.56993055343628
    },
    "positive_sent": {
      "mean": 9.662229537963867,
      "std": 0.08310426771640778,
      "min": 9.47053337097168,
      "max": 10.002606391906738,
      "25%": 9.60818099975586,
      "median": 9.655234336853027,
      "75%": 9.71088695526123
    },
    "negative_sent": {
      "mean": 9.721695899963379,
      "std": 0.07335268706083298,
      "min": 9.502721786499023,
      "max": 10.024208068847656,
      "25%": 9.67012882232666,
      "median": 9.716216087341309,
      "75%": 9.7687087059021
    }
  },
  "att_negative_equals_att_negative_with_original": false,
  "pooler_outputs": {
    "cos_sim": {
      "mean": 0.9965434074401855,
      "std": 0.0038103002589195967,
      "min": 0.9555127620697021,
      "max": 0.9999350905418396,
      "25%": 0.9957027733325958,
      "median": 0.9979327917098999,
      "75%": 0.9988594949245453
    },
    "euc_dist": {
      "mean": 1.6164941787719727,
      "std": 0.7832067608833313,
      "min": 0.25814327597618103,
      "max": 6.461451530456543,
      "25%": 1.042842149734497,
      "median": 1.3967339992523193,
      "75%": 2.0139923095703125
    }
  }
}