{
  "seq_len": {
    "pos": {
      "mean": 8.499713247944944,
      "std": 2.6404613700316526,
      "min": 3.0,
      "max": 28.0,
      "25%": 7.0,
      "median": 8.0,
      "75%": 10.0
    },
    "neg": {
      "mean": 9.35557254826993,
      "std": 2.668369897196314,
      "min": 3.0,
      "max": 26.0,
      "25%": 8.0,
      "median": 9.0,
      "75%": 10.0
    }
  },
  "positive_greater_negative": {
    "num_greater": 4803,
    "num_smaller": 428,
    "percentage": 0.9181800802905754,
    "seq_len": {
      "pos": {
        "mean": 8.488444722048719,
        "std": 2.609856556546029,
        "min": 3.0,
        "max": 28.0,
        "25%": 7.0,
        "median": 8.0,
        "75%": 10.0
      },
      "neg": {
        "mean": 9.400582968977723,
        "std": 2.601671777259035,
        "min": 3.0,
        "max": 26.0,
        "25%": 8.0,
        "median": 9.0,
        "75%": 11.0
      }
    }
  },
  "positive_greater_negative_with_orig": {
    "num_greater": 736,
    "num_smaller": 4495,
    "percentage": 0.1406996750143376,
    "seq_len": {
      "pos": {
        "mean": 8.459239130434783,
        "std": 2.6010926991965633,
        "min": 3.0,
        "max": 28.0,
        "25%": 7.0,
        "median": 8.0,
        "75%": 10.0
      },
      "neg": {
        "mean": 8.86413043478261,
        "std": 2.4058921559281945,
        "min": 3.0,
        "max": 22.0,
        "25%": 7.0,
        "median": 9.0,
        "75%": 10.0
      }
    }
  },
  "pct_attention_positive": {
    "mean": 0.5444874335539709,
    "std": 0.03330298107535069,
    "min": 0.28409548101423643,
    "max": 0.7395814783965067,
    "25%": 0.5289125792188496,
    "median": 0.548363397663251,
    "75%": 0.5641987245603067
  },
  "pct_attention_negative": {
    "mean": 0.4555125664460291,
    "std": 0.03330298107535069,
    "min": 0.26041852160349327,
    "max": 0.7159045189857637,
    "25%": 0.43580127543969327,
    "median": 0.4516366023367491,
    "75%": 0.4710874207811503
  },
  "pct_of_total": {
    "positive": {
      "mean": 0.25508384230853365,
      "std": 0.40480890535251185,
      "min": 0.0289572324729772,
      "max": 4.607374403211805,
      "25%": 0.1135304617293087,
      "median": 0.14744830131530762,
      "75%": 0.20435909739247077
    },
    "negative": {
      "mean": 0.22624709952257327,
      "std": 0.4025454821171187,
      "min": 0.025225321451822918,
      "max": 4.529188368055555,
      "25%": 0.09634681226294717,
      "median": 0.12147483560774061,
      "75%": 0.16049322817060682
    },
    "negative_with_original": {
      "mean": 0.3160148070133493,
      "std": 0.3876100687963795,
      "min": 0.031014520173881486,
      "max": 4.529188368055555,
      "25%": 0.17178296902364354,
      "median": 0.22089212735493977,
      "75%": 0.28223642504509583
    }
  },
  "special_tokens": {
    "sum_in_positive": {
      "mean": 2414.0770026111986,
      "std": 570.3152763988867,
      "min": 1275.7449951171875,
      "max": 4157.4921875,
      "25%": 2085.8929443359375,
      "median": 2221.087646484375,
      "75%": 2365.80322265625
    },
    "sum_in_negative": {
      "mean": 2345.5769236423707,
      "std": 555.8195659747912,
      "min": 1229.4783935546875,
      "max": 4101.302734375,
      "25%": 2031.8997802734375,
      "median": 2153.679443359375,
      "75%": 2301.4793701171875
    },
    "pct_in_positive": {
      "mean": 0.5250098133102244,
      "std": 0.12436549671877911,
      "min": 0.27685438262091744,
      "max": 0.9022335476345487,
      "25%": 0.45397965113321936,
      "median": 0.48200686772664386,
      "75%": 0.5136754247877333
    },
    "pct_in_negative": {
      "mean": 0.5098691376333369,
      "std": 0.1211208645091073,
      "min": 0.26681388749016655,
      "max": 0.8900396558973525,
      "25%": 0.4413905408647325,
      "median": 0.46757078170776367,
      "75%": 0.5001995298597548
    },
    "positive_is_greater": {
      "sum_in_positive": {
        "mean": 2452.825741975204,
        "std": 587.860007176754,
        "min": 1558.21044921875,
        "max": 4157.4921875,
        "25%": 2091.7026977539062,
        "median": 2217.138916015625,
        "75%": 2434.269287109375
      },
      "sum_in_negative": {
        "mean": 2385.2432133218517,
        "std": 564.7887887229581,
        "min": 1509.8858642578125,
        "max": 4101.302734375,
        "25%": 2053.055908203125,
        "median": 2159.5030517578125,
        "75%": 2305.996337890625
      }
    },
    "negative_is_greater": {
      "sum_in_positive": {
        "mean": 2407.7323814383603,
        "std": 567.2057678931459,
        "min": 1275.7449951171875,
        "max": 4090.81005859375,
        "25%": 2085.577392578125,
        "median": 2221.735107421875,
        "75%": 2361.180419921875
      },
      "sum_in_negative": {
        "mean": 2339.0820650875103,
        "std": 554.1303133778254,
        "min": 1229.4783935546875,
        "max": 3954.5859375,
        "25%": 2028.083740234375,
        "median": 2152.0859375,
        "75%": 2300.6373291015625
      }
    }
  },
  "describe_att_on_positive_tok": {
    "kurtosis": 22.961033941074614,
    "mean": 1175.4263450196847,
    "minmax": [
      133.43492723547894,
      21230.78125
    ],
    "nobs": 5231,
    "skewness": 4.455491711673149,
    "variance": 3479565.8224093816
  },
  "describe_att_on_negative_tok": {
    "kurtosis": 22.13336633369847,
    "mean": 1042.5466342646987,
    "minmax": [
      116.23828125,
      20870.5
    ],
    "nobs": 5231,
    "skewness": 4.4446078278766,
    "variance": 3440763.75289813
  },
  "describe_att_on_negative_tok_with_orig": {
    "kurtosis": 21.93497459609651,
    "mean": 1456.1962301950052,
    "minmax": [
      142.91490896124589,
      20870.5
    ],
    "nobs": 5231,
    "skewness": 4.312033054248545,
    "variance": 3190178.9194950713
  },
  "pearsonr": {
    "confidence_interval": [
      0.9941158271219346,
      0.9947188660654799
    ],
    "correlation": 0.9944254723080841,
    "pvalue": 0.0,
    "statistic": 0.9944254723080841
  },
  "pearsonr_with_orig": {
    "confidence_interval": [
      0.9900273356766564,
      0.9910475021873172
    ],
    "correlation": 0.9905511117206574,
    "pvalue": 0.0,
    "statistic": 0.9905511117206574
  },
  "cov": 3440821.915507825,
  "cov_with_orig": 3300250.749714835,
  "pct_on_negative_tokens": 0.06440502774759989,
  "pct_on_positive_tokens": 0.06734028466001703,
  "pct_on_negative_tokens_with_orig": 0.09262732309425475,
  "cos_sim_full_att": {
    "mean": 0.6491098522718357,
    "std": 0.12984300692898845,
    "min": 0.4492951035499573,
    "max": 0.9916751384735107,
    "25%": 0.5923963189125061,
    "median": 0.6060982942581177,
    "75%": 0.617203027009964
  },
  "euc_dist_full_att": {
    "mean": 2.847334896121192,
    "std": 0.8598133232109317,
    "min": 0.4353877007961273,
    "max": 3.6418025493621826,
    "25%": 3.0942503213882446,
    "median": 3.15301251411438,
    "75%": 3.216195583343506
  },
  "entropy": {
    "positive_tok": {
      "mean": 7.494302272796631,
      "std": 0.2808787524700165,
      "min": 6.930098533630371,
      "max": 9.246376991271973,
      "25%": 7.339966773986816,
      "median": 7.423063278198242,
      "75%": 7.502051830291748
    },
    "negative_tok": {
      "mean": 7.461658000946045,
      "std": 0.2831158936023712,
      "min": 6.948531150817871,
      "max": 8.981088638305664,
      "25%": 7.31489109992981,
      "median": 7.3764190673828125,
      "75%": 7.43969464302063
    },
    "negative_tok_with_orig": {
      "mean": 7.966851711273193,
      "std": 0.279732346534729,
      "min": 6.948531150817871,
      "max": 9.269890785217285,
      "25%": 7.953825235366821,
      "median": 8.018050193786621,
      "75%": 8.07054090499878
    },
    "positive_sent": {
      "mean": 9.415909767150879,
      "std": 0.13308510184288025,
      "min": 8.951803207397461,
      "max": 9.994430541992188,
      "25%": 9.325372219085693,
      "median": 9.40713119506836,