{
  "seq_len": {
    "pos": {
      "mean": 8.22109688515192,
      "std": 3.1811752446675716,
      "min": 2.0,
      "max": 30.0,
      "25%": 6.0,
      "median": 8.0,
      "75%": 10.0
    },
    "neg": {
      "mean": 9.021593732084845,
      "std": 3.1952444567562672,
      "min": 2.0,
      "max": 31.0,
      "25%": 7.0,
      "median": 9.0,
      "75%": 10.0
    }
  },
  "positive_greater_negative": {
    "num_greater": 3896,
    "num_smaller": 1337,
    "percentage": 0.7445060194916874,
    "seq_len": {
      "pos": {
        "mean": 7.674024640657084,
        "std": 2.7897672589455547,
        "min": 2.0,
        "max": 25.0,
        "25%": 6.0,
        "median": 7.0,
        "75%": 9.0
      },
      "neg": {
        "mean": 8.509496919917865,
        "std": 2.721268327996313,
        "min": 3.0,
        "max": 26.0,
        "25%": 7.0,
        "median": 8.0,
        "75%": 10.0
      }
    }
  },
  "positive_greater_negative_with_orig": {
    "num_greater": 579,
    "num_smaller": 4654,
    "percentage": 0.11064399006306135,
    "seq_len": {
      "pos": {
        "mean": 8.231433506044905,
        "std": 3.2743598413385944,
        "min": 2.0,
        "max": 23.0,
        "25%": 6.0,
        "median": 8.0,
        "75%": 10.0
      },
      "neg": {
        "mean": 8.088082901554404,
        "std": 2.808325416880081,
        "min": 3.0,
        "max": 22.0,
        "25%": 6.0,
        "median": 8.0,
        "75%": 9.0
      }
    }
  },
  "pct_attention_positive": {
    "mean": 0.5413290539464963,
    "std": 0.06937490150994449,
    "min": 0.12020961431821858,
    "max": 0.8900024529161586,
    "25%": 0.49874378073915215,
    "median": 0.5395042137940156,
    "75%": 0.5834832013787135
  },
  "pct_attention_negative": {
    "mean": 0.4586709460535037,
    "std": 0.06937490150994449,
    "min": 0.10999754708384145,
    "max": 0.8797903856817815,
    "25%": 0.4165167986212866,
    "median": 0.46049578620598436,
    "75%": 0.501256219260848
  },
  "pct_of_total": {
    "positive": {
      "mean": 0.3017754514371975,
      "std": 0.32367599473059494,
      "min": 0.021041142669591034,
      "max": 5.867428912056817,
      "25%": 0.14614267516554447,
      "median": 0.22094108743800056,
      "75%": 0.3607395070570487
    },
    "negative": {
      "mean": 0.23371570228634142,
      "std": 0.18236435754986122,
      "min": 0.029363771024932206,
      "max": 2.827382332748837,
      "25%": 0.1356411616007487,
      "median": 0.1848314963741067,
      "75%": 0.26998070781193084
    },
    "negative_with_original": {
      "mean": 0.3834119334719292,
      "std": 0.23944345043827034,
      "min": 0.05099268092049493,
      "max": 2.827382332748837,
      "25%": 0.22631780547325053,
      "median": 0.31856748792860246,
      "75%": 0.46471890476014877
    }
  },
  "special_tokens": {
    "sum_in_positive": {
      "mean": 2636.8706028211327,
      "std": 318.2522966528845,
      "min": 712.1898193359375,
      "max": 3418.94384765625,
      "25%": 2522.692138671875,
      "median": 2726.724853515625,
      "75%": 2847.54443359375
    },
    "sum_in_negative": {
      "mean": 2548.3962005317817,
      "std": 307.9622945882446,
      "min": 933.474365234375,
      "max": 3320.56201171875,
      "25%": 2448.797119140625,
      "median": 2629.4501953125,
      "75%": 2752.853515625
    },
    "pct_in_positive": {
      "mean": 0.5721512020744536,
      "std": 0.06945415063023067,
      "min": 0.154555082321167,
      "max": 0.7419583002726237,
      "25%": 0.549420091840956,
      "median": 0.5913057857089572,
      "75%": 0.6178523232054292
    },
    "pct_in_negative": {
      "mean": 0.5530206160786837,
      "std": 0.06736477665931562,
      "min": 0.20257690217759874,
      "max": 0.7206080754597982,
      "25%": 0.5310773584577773,
      "median": 0.5706352127922906,
      "75%": 0.5978225072224935
    },
    "positive_is_greater": {
      "sum_in_positive": {
        "mean": 2590.0079959217132,
        "std": 338.4449894338132,
        "min": 712.1898193359375,
        "max": 3260.882568359375,
        "25%": 2388.7855224609375,
        "median": 2690.271484375,
        "75%": 2822.4873046875
      },
      "sum_in_negative": {
        "mean": 2573.4043999706523,
        "std": 299.7855564474696,
        "min": 1605.0340576171875,
        "max": 3180.85498046875,
        "25%": 2441.439453125,
        "median": 2665.176025390625,
        "75%": 2766.03369140625
      }
    },
    "negative_is_greater": {
      "sum_in_positive": {
        "mean": 2642.7007380585123,
        "std": 315.2011898074748,
        "min": 827.754150390625,
        "max": 3418.94384765625,
        "25%": 2542.6747436523438,
        "median": 2729.6846923828125,
        "75%": 2850.5173950195312
      },
      "sum_in_negative": {
        "mean": 2545.2849526858195,
        "std": 308.85426193867323,
        "min": 933.474365234375,
        "max": 3320.56201171875,
        "25%": 2449.1824951171875,
        "median": 2625.828369140625,
        "75%": 2747.4603881835938
      }
    }
  },
  "describe_att_on_positive_tok": {
    "kurtosis": 92.13901164773185,
    "mean": 1390.5812800335148,
    "minmax": [
      96.95758542147549,
      27037.112426757812
    ],
    "nobs": 5233,
    "skewness": 7.495459181038991,
    "variance": 2224569.2164877956
  },
  "describe_att_on_negative_tok": {
    "kurtosis": 36.9377539154366,
    "mean": 1076.9619562373678,
    "minmax": [
      135.3082568828876,
      13028.57778930664
    ],
    "nobs": 5233,
    "skewness": 4.435105352921191,
    "variance": 706162.844672493
  },
  "describe_att_on_negative_tok_with_orig": {
    "kurtosis": 11.523527927677687,
    "mean": 1766.762189642582,
    "minmax": [
      234.97427368164062,
      13028.57778930664
    ],
    "nobs": 5233,
    "skewness": 2.4230316321455727,
    "variance": 1217393.1825134286
  },
  "pearsonr": {
    "confidence_interval": [
      0.6567235962342765,
      0.6864621717634777
    ],
    "correlation": 0.671863567753948,
    "pvalue": 0.0,
    "statistic": 0.671863567753948
  },
  "pearsonr_with_orig": {
    "confidence_interval": [
      0.6963214815853589,
      0.7232027688413668
    ],
    "correlation": 0.7100206975198348,
    "pvalue": 0.0,
    "statistic": 0.7100206975198348
  },
  "cov": 842086.0733788655,
  "cov_with_orig": 1168448.0364797318,
  "pct_on_negative_tokens": 0.05786845904805239,
  "pct_on_positive_tokens": 0.06442578447302463,
  "pct_on_negative_tokens_with_orig": 0.09492379688170238,
  "cos_sim_full_att": {
    "mean": 0.29713607143084636,
    "std": 0.19574038695099893,
    "min": 0.13218975067138672,
    "max": 0.9803091883659363,
    "25%": 0.22118955850601196,
    "median": 0.23700475692749023,
    "75%": 0.2638259530067444
  },
  "euc_dist_full_att": {
    "mean": 4.783589648683327,
    "std": 1.1507621270635653,
    "min": 0.5968111753463745,
    "max": 5.892431735992432,
    "25%": 4.786001682281494,
    "median": 5.186399459838867,
    "75%": 5.304139137268066
  },
  "entropy": {
    "positive_tok": {
      "mean": 7.548073768615723,
      "std": 0.31421318650245667,
      "min": 6.671160697937012,
      "max": 9.257247924804688,
      "25%": 7.36804723739624,
      "median": 7.480016708374023,
      "75%": 7.6017889976501465
    },
    "negative_tok": {
      "mean": 7.532497882843018,
      "std": 0.26956212520599365,
      "min": 6.68590784072876,
      "max": 9.251632690429688,
      "25%": 7.390921592712402,
      "median": 7.491641044616699,
      "75%": 7.587894916534424
    },
    "negative_tok_with_orig": {
      "mean": 8.028578758239746,
      "std": 0.2801649570465088,
      "min": 6.952565670013428,
      "max": 9.251632690429688,
      "25%": 7.9275994300842285,
      "median": 8.082967758178711,
      "75%": 8.188735961914062
    },
    "positive_sent": {
      "mean": 9.43078899383545,
      "std": 0.16009017825126648,
      "min": 8.890734672546387,
      "max": 10.166202545166016,
      "25%": 9.323088645935059,